main_office,school_name,school_type1,school_type2,school_type3,남여,기숙사제공여부,통학버스제공여부,교장실,교무실,행정실,취업지도실,FAX,홈페이지,우편번호,주소,상세주소
서울특별시교육청,경기기계공업고등학교,특성화고,공업,공립,남녀공학,미입력,미입력,02-2289-1601,02-2289-1610,02-2289-1785,02-2289-1660,02-948-0141,ggmt.sen.hs.kr,01810,서울특별시 노원구 공릉로 264,경기기계공업고등학교 (하계동)
서울특별시교육청,경기상업고등학교,특성화고,상업·정보,공립,남녀공학,미제공,미제공,02-737-3051,02-737-6490,02-737-0583,02-737-0556,02-720-2635,ggc.sen.hs.kr,03047,서울특별시 종로구 자하문로 136,136
서울특별시교육청,경복비즈니스고등학교,특성화고,상업·정보,사립,여,미입력,미입력,070-7790-0900,070-7790-0902,070-7790-0991,070-7790-0972,02-3661-3439,kbb.sen.hs.kr,157030,서울특별시 강서구 등촌동 화곡로,379
서울특별시교육청,고명외식고등학교,특성화고,상업·정보,사립,남녀공학,미입력,미입력,02-921-5536,02-928-8366(161),02-926-2886,02-928-8366(196),02-924-6059,komyung.sen.hs.kr,02828,서울특별시 성북구 북악산로 870,고명외식고등학교
서울특별시교육청,광신방송예술고등학교,특성화고,상업·정보,사립,남녀공학,미입력,미입력,02-881-8610,02-881-8612,02-881-8509,02-881-8619,02-881-8637,ksmedia.sen.hs.kr/,151863,서울특별시 관악구 신림동 광신길,141 (지번주소 : 관악구 삼성동 328번지)
서울특별시교육청,광운인공지능고등학교,특성화고,공업,사립,남녀공학,미입력,미입력,02-918-7761,02-918-7761,02-918-7763,02-918-7761(내:137),02-918-0070,kwangwoon.sen.hs.kr,01890,서울특별시 노원구 광운로1길 24,광운인공지능고등학교 (월계동)
서울특별시교육청,단국대학교부속소프트웨어고등학교,특성화고,공업,사립,남,미입력,미입력,02-2116-0100,02-2116-0124,02-2116-0108,02-2116-0159,02-2116-0176,dankook.sen.hs.kr,135852,서울특별시 강남구 대치동 도곡로64길,21 단국대학교부속소프트웨어고등학교
서울특별시교육청,대경생활과학고등학교,특성화고,상업·정보,사립,남녀공학,미입력,미입력,02-6325-4601,02-6325-4603,02-2234-0798,02-6325-4607,02-2252-6274,daekyeong.sen.hs.kr,04592,서울특별시 중구 매봉18길 111,(신당동 333-579)
서울특별시교육청,대동세무고등학교,특성화고,상업·정보,사립,남녀공학,미입력,미입력,070-8685-5701,02-763-1630,02-763-1631,02-763-1633,02-762-5552,daedong.sen.hs.kr,03057,서울특별시 종로구 계동길 84-10,대동세무고등학교 (계동)
서울특별시교육청,대일관광고등학교,특성화고,상업·정보,사립,여,미입력,미입력,070-4377-8801,02-6112-1704,02-6112-1757,02-6112-1708,02-2603-7843,daeil-tour.sen.hs.kr,08051,서울특별시 양천구 신정이펜1로 11,대일관광고등학교
서울특별시교육청,대진디자인고등학교,특성화고,공업,사립,남녀공학,미입력,미입력,070-7816-9101,070-7816-9184,02-2226-8418,070-7816-9157,02-2226-4863,daejindesign.sen.hs.kr,135886,서울특별시 강남구 수서동 광평로39길,93
서울특별시교육청,덕일전자공업고등학교,특성화고,공업,사립,남녀공학,미입력,미입력,02-2613-2763,02-2613-2762,02-2613-2761,02-2685-6009,02-2681-0528,di.sen.hs.kr,152899,서울특별시 구로구 오류동 서해안로21길,5-12
서울특별시교육청,동명생활경영고등학교,특성화고,상업·정보,사립,여,미입력,미입력,02-383-2628,02-383-2628,02-355-6853,02-383-2628,02-389-5011,dmgcab.sen.hs.kr,03390,서울특별시 은평구 통일로 793,동명생활경영고등학교
서울특별시교육청,리라아트고등학교,특성화고,공업,사립,남녀공학,미제공,미제공,02-775-6541,02-775-6541,02-775-6545,02-775-6544,02-757-3231,lila.sen.hs.kr,100250,서울특별시 중구 예장동 소파로2길,24
서울특별시교육청,미래산업과학고등학교,특성화고,공업,사립,남녀공학,미입력,미입력,02-933-7852,02-933-7671,02-933-7853,02-6921-8423,02-933-7854,mist.sen.hs.kr,139859,서울특별시 노원구 중계동 덕릉로82길,54(중계4동 369-3)
서울특별시교육청,미림마이스터고등학교,마이스터고,공업,사립,여,미입력,미입력,02-886-1815,02-872-4071,02-886-1812,02-888-8350,02-878-2188,www.e-mirim.hs.kr/,08821,서울특별시 관악구 호암로 546,미림마이스터고등학교 (신림동)
서울특별시교육청,상일미디어고등학교,특성화고,공업,사립,남녀공학,미입력,미입력,02-428-0731,02-428-0732,02-428-0732(334),02-428-0732(320),02-3427-0733,sangilmedia.sen.hs.kr,134837,서울 강동구 상일동,천호대로219길 61
서울특별시교육청,서서울생활과학고등학교,특성화고,상업·정보,사립,남녀공학,미입력,미입력,,02-2613-5273,02-2613-5272,02-2613-5530,02-2612-0554,ssls.sen.hs.kr/,08248,서울특별시 구로구 오리로 1355-10,서서울생활과학고등학교
서울특별시교육청,서울공업고등학교,특성화고,공업,공립,남녀공학,미입력,미입력,02-2082-1803,02-2082-1814,02-2082-1812,02-2082-1901,02-825-2033,seoul-th.sen.hs.kr,06955,서울특별시 동작구 대방동1길 46,서울공업고등학교
서울특별시교육청,서울관광고등학교,특성화고,상업·정보,사립,남녀공학,미입력,미입력,02-6292-5202,02-6292-5277,02-6292-5203,02-6292-5283,02-872-9170,seoul-tour.sen.hs.kr,151826,서울특별시 관악구 봉천동 은천로15길,25 서울관광고등학교
서울특별시교육청,서울금융고등학교,특성화고,상업·정보,공립,남녀공학,미입력,미입력,02-2694-1371,02-2694-8834,02-2694-3710,02-2693-1126 (fax)02-2697-6801,02-2694-3604,seoulfc.sen.hs.kr,158823,서울특별시 양천구 신월동 가로공원로61길,서울금융고등학교
서울특별시교육청,서울도시과학기술고등학교,마이스터고,공업,공립,남녀공학,미입력,미입력,02-940-2503,02-940-2500,02-940-2680,02-940-2550~6,02-940-2507,sust.sen.hs.kr,136858,서울특별시 성북구 종암동 종암로,196
서울특별시교육청,서울동구고등학교,특성화고,상업·정보,사립,남녀공학,미제공,미제공,02-2170-8610,02-2170-8630,02-2170-8681,02-2170-8665,02-765-1357,www.donggoo.hs.kr,02834,서울특별시 성북구 성북로8길 71,서울동구고등학교
서울특별시교육청,서울동산고등학교,특성화고,상업·정보,사립,남녀공학,미입력,미입력,070-4614-5004,02-971-0231~3,02-971-0903~4,"070-4614-5053, 5101, 5109",02-973-3052,seouldongsan.sen.hs.kr,01832,서울특별시 노원구 공릉로 257,서울동산고등학교
서울특별시교육청,서울디자인고등학교,특성화고,공업,사립,남녀공학,미입력,미입력,070-8662-6016,02-715-2262,02-716-8211,02-716-0533,02-716-6967,seodi.sen.hs.kr,121873,서울특별시 마포구 염리동 백범로,139번지
서울특별시교육청,서울디지털콘텐츠고등학교,특성화고,공업,공립,남녀공학,미입력,미입력,02-2064-4701,02-2064-4716,02-2064-4801~6,02-2064-4751~3,02-2664-8488,sdcont.sen.hs.kr/,157220,서울 강서구 방화동,방화대로47길9
서울특별시교육청,서울디지텍고등학교,특성화고,공업,사립,남녀공학,미입력,미입력,02-798-3641,02-798-3641~3,02-798-3642,02-798-3641(311~313),02-794-0822,sdh.hs.kr,04346,서울특별시 용산구 회나무로12길 27,서울디지텍고등학교
서울특별시교육청,서울로봇고등학교,마이스터고,공업,공립,남녀공학,미입력,미입력,02-3016-0100,02-3016-0110,02-2226-5344,02-3016-0170,02-2226-5348,srobot.sen.hs.kr,135230,서울특별시 강남구 일원동 광평로20길,63 서울로봇고등학교
서울특별시교육청,서울매그넷고등학교,특성화고,상업·정보,사립,여,미입력,미입력,02-808-0293,"02-807-6333(302,306,312,319)",02-803-9805,"02-894-5467(직),070-7731-2754",02-891-9757,seoulmagnet.sen.hs.kr,153030,서울특별시 금천구 시흥동 탑골로10길,45 (시흥2동 산 100-4번지)
서울특별시교육청,서울문화고등학교,특성화고,상업·정보,공립,남녀공학,미입력,미입력,02-955-9100,02-955-9100,02-955-9100,02-955-9101,02-3491-7697,seoulculture.sen.hs.kr,132854,서울특별시 도봉구 방학동 마들로,598 서울문화고등학교
서울특별시교육청,서울반도체고등학교,특성화고,공업,공립,남녀공학,미입력,미입력,02-2230-9800,02-2230-9802,02-2230-9880,02-2230-9861,02-2247-3362,ssc.sen.hs.kr,130874,서울특별시 동대문구 휘경동 겸재로,21 서울반도체고등학교
서울특별시교육청,서울방송고등학교,특성화고,공업,공립,남녀공학,미입력,미입력,02-3399-0505,02-3399-0520,02-3399-0511,02-3399-0562,02-2299-0264,seb.hs.kr,133846,서울특별시 성동구 옥수동 동호로5길,서울방송고등학교
서울특별시교육청,서울백영고등학교,특성화고,상업·정보,사립,남녀공학,미입력,미입력,02-2665-0101,02-2665-0935,02-2665-5900,070-8871-7785,02-2665-1190,sby.sen.hs.kr,157220,서울 강서구 방화동,방화대로 34길13
서울특별시교육청,서울신정고등학교,특성화고,상업·정보,사립,여,미입력,미입력,02-2653-6297,02-2644-3542~3,02-2644-3542~3,02-6372-2886,02-2062-0727,shinjeong.sen.hs.kr/,07736,서울특별시 강서구 등촌로13아길 20,서울신정고등학교
서울특별시교육청,서울아이티고등학교,특성화고,공업,사립,남녀공학,미입력,미입력,070-7606-4800,02-948-1901,02-949-0387,070-7606-4835,02-973-5436,seoulit.sen.hs.kr,01773,서울특별시 노원구 섬밭로 299,(중계동)
서울특별시교육청,서울여자상업고등학교,특성화고,상업·정보,사립,여,미입력,미입력,02-873-3613,02-873-3614,02-873-3613,02-878-3626,02-873-3620,sys.sen.hs.kr,151723,서울특별시 관악구 봉천동 관악로,85
서울특별시교육청,서울영상고등학교,특성화고,상업·정보,사립,남녀공학,미입력,미입력,02-6002-9400,02-6002-9413,02-6002-9401,02-6002-9482,02-2606-1804,youngsang.sen.hs.kr,08021,서울특별시 양천구 목동로11길 46,서울영상고등학교
서울특별시교육청,서울웹툰애니메이션고등학교,특성화고,공업,공립,남녀공학,미입력,미입력,02-6011-4101,02-6011-4109,02-6011-4100,02-6011-4141,02-522-4061,swas.sen.hs.kr,137853,서울특별시 서초구 방배동 과천대로,852-23
서울특별시교육청,서울의료보건고등학교,특성화고,상업·정보,사립,여,미입력,미입력,02-392-8888,02-392-5554,02-392-6666,02-392-5553,02-363-7153,smh.sen.hs.kr,04502,서울특별시 중구 만리재로37길 30,",(만리동1가)"
서울특별시교육청,서울인공지능고등학교,특성화고,공업,공립,남녀공학,미입력,미입력,02-6711-0500,02-6711-0410,02-6711-0508,02-6711-3460,02-6711-0538,seoulai.sen.hs.kr/,05771,서울특별시 송파구 양산로 21,서울인공지능고등학교
서울특별시교육청,서울정화고등학교,특성화고,상업·정보,사립,여,미입력,미입력,02-960-1495,02-960-1495,02-967-0178,02-3295-4393,02-965-9155,jeonghwa.sen.hs.kr/,02480,서울특별시 동대문구 홍릉로15길 50,서울정화고등학교
서울특별시교육청,서울컨벤션고등학교,특성화고,상업·정보,사립,남녀공학,미입력,미입력,02-3427-6311,02-3427-6315,02-3427-7400,,02-3427-7722,seoul-chs.sen.hs.kr/,134080,서울 강동구 고덕동,295-1
서울특별시교육청,서일문화예술고등학교,특성화고,상업·정보,사립,남녀공학,미입력,미입력,02-763-4634,02-743-0469,02-763-6242,02-763-6247,02-765-8573,seoil.sen.hs.kr,03094,서울특별시 종로구 지봉로17길 49,(창신동)
서울특별시교육청,선린인터넷고등학교,특성화고,상업·정보,공립,남녀공학,미입력,미입력,02-713-6212,02-713-6213,02-713-6211,02-718-0797,02-718-8696,sunrint.sen.hs.kr,04314,서울특별시 용산구 원효로97길 33-4,선린인터넷고등학교
서울특별시교육청,선일빅데이터고등학교,특성화고,상업·정보,사립,여,미입력,미입력,02-355-5648,02-353-0453,02-355-8861,02-355-9201,02-355-7656,bigdata.sen.hs.kr/,122050,서울 은평구 갈현동,240-1
서울특별시교육청,선정국제관광고등학교,특성화고,상업·정보,사립,남녀공학,미제공,미제공,02-3156-1610,02-3156-1613,02-3156-1722,02-3156-1641,02-352-5073,sjt.sen.hs.kr,03327,서울특별시 은평구 서오릉로20길 19,선정국제관광고등학교 (갈현동)
서울특별시교육청,성동공업고등학교,특성화고,공업,공립,남녀공학,미입력,미입력,02-6263-8200,02-6263-8202,070-8685-7702,02-6263-8212,02-2237-0814,sdth.sen.hs.kr,100878,서울 중구 흥인동,1-1 (다산로 290)
서울특별시교육청,성동글로벌경영고등학교,특성화고,상업·정보,공립,여,미입력,미입력,02-2238-4034,02-2252-9567,02-2252-1932,02-2254-2697,02-2232-7150,sdglobal.sen.hs.kr,100889,서울 중구 신당1동,퇴계로 357번지
서울특별시교육청,성암국제무역고등학교,특성화고,상업·정보,사립,남녀공학,미입력,미입력,02-2179-1800,02-2179-1820,02-2179-1817,02-2179-1873,02-2179-1878,seongam.sen.hs.kr,01174,서울특별시 강북구 도봉로29길 52,(미아동 320-1)
서울특별시교육청,세그루패션디자인고등학교,특성화고,상업·정보,사립,여,미입력,미입력,02-993-0041,02-993-0114,02-993-6696,070-5023-1532,02-998-7912,sfd.sen.hs.kr,01375,서울특별시 도봉구 시루봉로 53,세그루패션디자인고등학교
서울특별시교육청,세명컴퓨터고등학교,특성화고,공업,사립,남녀공학,미입력,미입력,02-354-1321,02-354-1323,02-354-1322,02-352-6800,02-357-1381,smc.sen.hs.kr,122867,서울특별시 은평구 불광동 통일로92가길,33 세명컴퓨터 고등학교
서울특별시교육청,송곡관광고등학교,특성화고,상업·정보,사립,여,미입력,미입력,02-6077-9401,02-432-1837,02-433-2183,02-6077-9440,02-491-2995,www.sgi.hs.kr,131800,서울특별시 중랑구 망우동 양원역로,67
서울특별시교육청,수도전기공업고등학교,마이스터고,공업,사립,남녀공학,미입력,미입력,02-524-9801,02-524-9830,02-524-9860,02-524-9890,070-4673-9940,sudo.sen.hs.kr,06324,서울특별시 강남구 개포로 410,수도전기공업고등학교
서울특별시교육청,신진과학기술고등학교,특성화고,공업,사립,남녀공학,미제공,미제공,02-355-6709,02-385-3451,02-383-3481,02-384-6364,02-389-8893,shinjin.hs.kr,03453,서울특별시 은평구 은평로6길 16,신진과학기술고등학교
서울특별시교육청,염광메디텍고등학교,특성화고,공업,사립,남녀공학,미입력,미입력,02-994-3101,02-994-3105,02-994-3104,02-996-3104,02-903-2813,ykm.sen.hs.kr,01874,서울특별시 노원구 월계로45가길 9,염광메디텍고등학교
서울특별시교육청,영등포공업고등학교,특성화고,공업,사립,남,미입력,미입력,070-5068-4706,070-5068-4710(구내110번),02-2659-2986,070-5068-4727(구내222번),02-2659-2980,younggong.sen.hs.kr,07524,서울특별시 강서구 허준로5길 15,영등포공업고등학교
서울특별시교육청,영락의료과학고등학교,특성화고,상업·정보,사립,남녀공학,미입력,미입력,02-876-8650,02-884-0760 / 0766,02-884-1882,02-884-1883,02-876-2709,youngnak-c.sen.hs.kr,151918,서울특별시 관악구 청룡동,청룡16길 25
서울특별시교육청,영신간호비즈니스고등학교,특성화고,가사·실업,사립,여,미제공,미제공,02-2289-0310,02-2289-0320,02-2289-0306,02-2289-0386,02-3391-5367,youngshin.sen.hs.kr,139855,서울특별시 노원구 중계동 중계로16나길,13
서울특별시교육청,예림디자인고등학교,특성화고,상업·정보,사립,여,미입력,미입력,02-2618-4644,02-2617-2333~4,02-2688-3515,02-2617-2336,070-4015-2336,yerim.sen.hs.kr,152883,서울특별시 구로구 궁동 오리로21길,예림디자인고등학교
서울특별시교육청,예일디자인고등학교,특성화고,가사·실업,사립,여,미제공,미제공,02-380-0850,02-380-0865,02-380-0999,02-380-0870,02-380-0880,yaledesign.sen.hs.kr,03412,서울특별시 은평구 연서로 117,예일디자인고등학교
서울특별시교육청,용산철도고등학교,특성화고,공업,공립,남녀공학,미입력,미입력,02-6905-7701,02-6905-7705,02-6905-7700,02-6905-7730~5,02-6905-7786,yongsan-th.sen.hs.kr,140883,서울특별시 용산구 한강로3가 서빙고로24길,용산철도고등학교
서울특별시교육청,유한공업고등학교,특성화고,공업,사립,남녀공학,미제공,미제공,02-2610-0950,02-2610-0952,02-0610-0990,"02-2610-0966, 0967, 0983",02-2612-9348,yuhan.sen.hs.kr,08360,서울특별시 구로구 경인로 8,유한공업고등학교
서울특별시교육청,은평메디텍고등학교,특성화고,공업,사립,남녀공학,미제공,미제공,070-4020-6806,070-4020-6876,070-4020-6801,070-4020-6864,02-358-1622,eunpyeong.sen.hs.kr,122200,서울특별시 은평구 진관동 진관2로,57-57
서울특별시교육청,이화여자대학교병설미디어고등학교,특성화고,상업·정보,사립,여,미입력,미입력,,02-2209-0146-7,02-2209-0142,02-2209-2684,02-437-2806,ewhamedia.hs.kr,131802,서울특별시 중랑구 망우동 망우로73길,56 이화여자대학병설미디어고등학교
서울특별시교육청,인덕과학기술고등학교,특성화고,공업,사립,남녀공학,미입력,미입력,02-902-2134,02-902-2180,02-902-2135,02-902-2060(교환 247번),02-996-9277,induk.sen.hs.kr,139749,서울특별시 노원구 월계동 초안산로,12
서울특별시교육청,일신여자상업고등학교,특성화고,상업·정보,사립,여,미입력,미입력,02-2140-8230,"02-2140-8231,8232",02-2140-8220,"02-2140-8255,8189",02-2140-8257,ilshin.sen.hs.kr,138854,서울특별시 송파구 송파동 송파대로38길,8
서울특별시교육청,한강미디어고등학교,특성화고,공업,공립,남녀공학,미입력,미입력,02-2677-5325,02-2671-1448,02-2633-9101,02-2671-0217,02-2633-9102,hm.sen.hs.kr,150867,서울특별시 영등포구 양평동4가 선유로55길,22
서울특별시교육청,한세사이버보안고등학교,특성화고,공업,사립,남녀공학,미제공,미제공,02-362-0133,02-362-0130-2,02-362-0134,02-362-9757,02-312-3996,hansei.sen.hs.kr,04129,서울특별시 마포구 마포대로11길 44-80,한세사이버보안고등학교
서울특별시교육청,한양공업고등학교,특성화고,공업,사립,남,미입력,미입력,070-4832-3801,02-2238-5181,070-4832-3980,070-4832-3896,02-2235-3154,hanyang.sen.hs.kr,100450,서울특별시 중구 신당동 을지로,299
서울특별시교육청,해성국제컨벤션고등학교,특성화고,상업·정보,사립,여,미입력,미입력,070-8786-1301,070-8786-1320,070-8786-1317,070-8786-1330,02-2214-1958,haesung.sen.hs.kr,130850,서울특별시 동대문구 전농동 전농로20길,31
서울특별시교육청,홍익디자인고등학교,특성화고,상업·정보,사립,여,미입력,미입력,02-3140-1255,02-3140-1257,02-3140-1309,02-3140-1303,02-3140-1340,hid.sen.hs.kr,03977,서울특별시 마포구 성미산로 111,홍익디자인고등학교
서울특별시교육청,화곡보건경영고등학교,특성화고,상업·정보,사립,남녀공학,미입력,미입력,07086446501,070-8644-6316,07086446501,07086446327,02-2662-2120,hwagok-gii.sen.hs.kr,157280,서울특별시 강서구 내발산동 강서로45길,70
부산광역시교육청,경남공업고등학교,특성화고,공업,공립,남,미입력,미입력,051-607-7311,"051-607-7321,7322","051-607-7471,7472","051-607-7391,7392,7355",051-804-6904,knt.hs.kr,614040,부산 부산진구 전포동,전포대로 175번길 22
부산광역시교육청,경성전자고등학교,특성화고,공업,사립,남녀공학,미입력,미입력,051-253-2455,051-253-2450,051-253-2454,051-243-6220,051-255-0472,kse.hs.kr,602093,부산 서구 서대신동3가,184번지
부산광역시교육청,계성여자고등학교,특성화고,상업·정보,사립,여,미입력,미입력,051-503-8870,051-503-8870,051-503-4894,051-503-8870,051-506-1782,school.busanedu.net/gyeseong-gc-h,47531,부산광역시 연제구 해맞이로109번길 47,계성여자고등학교
부산광역시교육청,금샘고등학교,특성화고,공업,사립,남녀공학,미입력,미입력,051-540-0102,051-540-0111,051-540-0105,"051-540-0123,0127,0128",051-540-0107,kumjong.hs.kr,609858,부산광역시 금정구 서동 서금로,75
부산광역시교육청,대광고등학교,특성화고,공업,사립,남녀공학,미입력,미입력,051-292-1874,051-292-1875,051-292-3225,051-292-1876,051-292-3226,daegwang.hs.kr,49412,부산광역시 사하구 동매로 135,대광고등학교
부산광역시교육청,대양고등학교,특성화고,공업,사립,남녀공학,미입력,미입력,051-640-0500,051-640-0580,051-640-0515,051-640-0569,051-640-0638,daeyang.hs.kr,48464,부산광역시 남구 지게골로 128-27,대양고등학교
부산광역시교육청,대진전자통신고등학교,특성화고,공업,사립,남녀공학,미입력,미입력,051-582-8125,"051-582-8121,8123","051-582-8100,9383,9213","051-580-5120,5141,5172,5138,5152",051-582-6100,pdj.hs.kr,46247,부산광역시 금정구 수림로 92,대진전자통신고등학교
부산광역시교육청,동래원예고등학교,특성화고,농생명,공립,남녀공학,미제공,미제공,051-550-3777,051-550-3713~6,051-550-3770~5,051-550-3703~4,051-553-3705,school.busanedu.net/wonyea-h,607060,부산 동래구 온천동,금강로 43 동래원예고등학교
부산광역시교육청,동명공업고등학교,특성화고,공업,사립,남녀공학,미입력,미입력,051-610-2500,051-610-2520,051-610-2637,051-610-2549,051-610-2614,tm.hs.kr,608830,부산광역시 남구 용당동 신선로,410 번지(용당동 500)
부산광역시교육청,동아공업고등학교,특성화고,공업,사립,남녀공학,미입력,미입력,051-200-3830,051-200-3811,051-200-3800,051-200-3846,051-294-0608,donga-tec.hs.kr,604812,부산광역시 사하구 괴정동 괴정로260번길,괴정1동 619-46번지
부산광역시교육청,동의고등학교,특성화고,공업,사립,남녀공학,미입력,미입력,051-811-7500,051-811-7510,051-811-7580,051-811-7530,051-811-7531,www.dongeui.hs.kr/,47230,부산광역시 부산진구 양지로 50,동의고등학교
부산광역시교육청,배정미래고등학교,특성화고,상업·정보,사립,남녀공학,미입력,미입력,051-635-5066,"051-635-2291,2292",051-635-2293,051-647-3686,051-643-8524,mr.hs.kr,608828,부산광역시 남구 문현동 장고개로85번길,14-40
부산광역시교육청,부산공업고등학교,특성화고,공업,공립,남녀공학,미입력,미입력,051-607-3801,051-607-3900,051-607-3800,051-607-3879,051-622-3901,pusan-th.hs.kr,48472,부산광역시 남구 수영로196번길 80,부산공업고등학교
부산광역시교육청,부산관광고등학교,특성화고,상업·정보,사립,남녀공학,미입력,미입력,051-248-3715,051-248-3123,051-248-3126,051-248-3123,051-247-3103,bstour.hs.kr,602806,부산광역시 서구 남부민동 천마로,52
부산광역시교육청,부산기계공업고등학교,마이스터고,공업,국립,남,미입력,미입력,051-719-0100,051-719-0110,051-741-5111,051-719-0144,051-746-2910,bmt.hs.kr,612820,부산광역시 해운대구 우동 해운대로,569
부산광역시교육청,부산디지털고등학교,특성화고,공업,사립,남녀공학,미입력,미입력,051-460-0201,051-460-0200,051-460-0300,051-460-0240,051-460-0277,digital.hs.kr,600110,부산광역시 중구 영주동 망양로,356
부산광역시교육청,부산마케팅고등학교,특성화고,상업·정보,사립,여,미입력,미입력,051-809-3319,051-803-2851,051-803-1264,051-803-0380,051-803-1263,marketing.hs.kr,614868,부산광역시 부산진구 전포동 봉수로,13(전포3동)
부산광역시교육청,부산문화여자고등학교,특성화고,가사·실업,사립,여,미입력,미입력,051-747-8238,051-743-6917,051-746-2952,051-743-6929,051-743-6959,bs-moonhwa.hs.kr,612825,부산광역시 해운대구 우동 해운대로469번길,50
부산광역시교육청,부산보건고등학교,특성화고,상업·정보,사립,남녀공학,미입력,미입력,051-418-9251,051-418-9256~7,051-418-9253~4,051-418-9261,051-418-9267,busanhc.com,49079,부산광역시 영도구 절영로 163,부산보건고등학교
부산광역시교육청,부산소프트웨어마이스터고등학교,마이스터고,공업,공립,남녀공학,미입력,미입력,051-970-1701,051-971-2153,051-971-2152,051-970-1733,051-971-2153,www.bssm.hs.kr,618350,부산광역시 강서구 봉림동 가락대로,1393
부산광역시교육청,부산여자상업고등학교,특성화고,상업·정보,사립,여,미입력,미입력,051-797-6702,051-797-6700,051-797-6704,051-797-6756,051-797-6803,bsgch.hs.kr,613824,부산광역시 수영구 망미동 금련로,43
부산광역시교육청,부산영상예술고등학교,특성화고,상업·정보,공립,남녀공학,미입력,미입력,051-419-0200,051-419-0210,051-419-0320,051-419-0271,051-419-0279,visual.hs.kr,606814,부산광역시 영도구 신선동3가 영상길,부산영상예술고등학교
부산광역시교육청,부산자동차마이스터고등학교,마이스터고,공업,공립,남,미입력,미입력,051-263-4828,051-263-4825,051-263-4827,051-260-0141,051-264-4787,automotive.hs.kr,604842,부산 사하구 장림1동,877-1(하신중앙로 3번 나길16)
부산광역시교육청,부산전자공업고등학교,특성화고,공업,공립,남녀공학,미입력,미입력,051-606-0201,051-606-0235,051-606-0302,051-606-0340,051-558-3798,kumgang.hs.kr,607838,부산광역시 동래구 온천동 금강로59번길,51(온천1동 386)
부산광역시교육청,부산정보고등학교,특성화고,상업·정보,사립,남녀공학,미입력,미입력,051-853-0870,051-853-0951~4,051-853-0871~2,051-853-0955,051-853-0874,psinfo.hs.kr,47119,부산광역시 부산진구 화지로 24,양정동
부산광역시교육청,부산정보관광고등학교,특성화고,상업·정보,사립,남녀공학,미입력,미입력,051-518-7921,051-518-7922,051-518-7923,070-5125-4956,051-515-2043,pusan-ith.hs.kr,609826,부산광역시 금정구 부곡동 동현로,37 부산정보관광고등학교
부산광역시교육청,부산진여자상업고등학교,특성화고,상업·정보,공립,여,미입력,미입력,051-850-3501,051-850-3503,051-850-3513,051-850-3590,051-850-3548,jin.hs.kr,47228,부산광역시 부산진구 진남로 524,(양정동)
부산광역시교육청,부산컴퓨터과학고등학교,특성화고,상업·정보,사립,남녀공학,미제공,미제공,051-460-0501,051-460-0503,051-460-0590,051-460-0540,051-460-0585,pcs.hs.kr,48805,부산광역시 동구 초량로80번길 5,부산컴퓨터과학고등학교
부산광역시교육청,부산항공고등학교,특성화고,공업,공립,남녀공학,미입력,미입력,051-309-3111,051-309-3114,051-309-3161,051-309-3287~9,051-309-3135,school.busanedu.net/sth-h/,617042,부산 사상구 덕포2동,백양대로 768번길 115
부산광역시교육청,부산해군과학기술고등학교,특성화고,공업,공립,남,미입력,미입력,051-792-7701,051-792-7700,051-792-7800,051-792-7777,051-742-1794,school.busanedu.net/hudt-h/main.do,48064,부산광역시 해운대구 해운대로469번길 96,(우동) 부산해군과학기술고등학교
부산광역시교육청,부산해사고등학교,마이스터고,수산·해운,국립,남녀공학,제공,미제공,051-410-2001,051-410-2030,051-412-9261,051-410-2130,051-410-2040,maritime.hs.kr,606775,부산광역시 영도구 동삼동 해양로,425번지 부산해사고등학교
부산광역시교육청,부일전자디자인고등학교,특성화고,공업,사립,남녀공학,미입력,미입력,051-208-7404,051-208-7401,051-208-7403,051-293-5733,051-293-5771,buil.hs.kr,604803,부산광역시 사하구 감천동 감천로,73길 36
부산광역시교육청,세연고등학교,특성화고,상업·정보,사립,남녀공학,미입력,미입력,051-630-0201,051-632-4251,051-630-0297,051-630-0217,070-4015-0051,seyeon.hs.kr,608020,부산광역시 남구 대연동 진남로,82-19 세연고등학교
부산광역시교육청,세정고등학교,특성화고,상업·정보,사립,남녀공학,미입력,미입력,051-860-1616,051-860-1500,051-860-1600,051-860-1621,051-867-5524,sejeong.hs.kr/,614851,부산 부산진구 양정2동,16-185
부산광역시교육청,영산고등학교,특성화고,가사·실업,사립,남녀공학,미입력,미입력,051-540-9501,051-540-9520,051-540-9510,051-540-9560,051-540-9522,ysh.hs.kr,612802,부산광역시 해운대구 반송동 반송순환로,142-1 영산고등학교
부산광역시교육청,해운대관광고등학교,특성화고,상업·정보,사립,남녀공학,미입력,미입력,051-741-4346,"051-741-4347,051-742-0041",051-742-0043,051-742-0042,051-742-0044,school.busanedu.net/h-tour-h/main.do,48086,부산광역시 해운대구 우동2로60번길 38,해운대관광고등학교
대구광역시교육청,경북공업고등학교,특성화고,공업,사립,남녀공학,미입력,미입력,053-252-3695,053-255-8301~2,053-255-8300,053-235-8555,053-252-5045,gyeongbuk.hs.kr,700805,대구 중구 남산3동,2380번지 (중구 남산로 20)
대구광역시교육청,경북기계공업고등학교,마이스터고,공업,공립,남,미입력,미입력,053-231-8300,053-231-8312,053-231-8310,053-231-8384,053-633-8265,gbgigong.hs.kr,42748,대구광역시 달서구 월배로 275,(상인동)
대구광역시교육청,경북여자상업고등학교,특성화고,상업·정보,사립,여,미입력,미입력,053-235-9300,053-235-9302,053-235-9404,053-235-9381,053-652-4607,gbgc.kr,42507,대구광역시 남구 효성로 35,(봉덕동)
대구광역시교육청,경상공업고등학교,특성화고,공업,사립,남,미입력,미입력,053-235-8975,053-235-8807∼8,053-235-8800∼4,053-235-8889,053-652-2326,kyeongsang-th.dge.hs.kr,42462,대구광역시 남구 대경길 151,(대명동)
대구광역시교육청,대구공업고등학교,특성화고,공업,공립,남,미입력,미입력,053-231-8230,053-231-8238,053-231-8201,053-231-8246,053-959-3420,tktech.dge.hs.kr,701820,대구광역시 동구 신암동 대현로,135번지 대구공업고등학교
대구광역시교육청,대구공업고등학교 테크노폴리스 캠퍼스,특성화고,공업,공립,남녀공학,미입력,미입력,053-231-8230,053-235-0661,053-235-0694,053-235-0680,053-235-0698,www.tkpl.hs.kr,42993,대구광역시 달성군 유가읍 유가길 46,대구공업고등학교 테크노폴리스 캠퍼스
대구광역시교육청,대구과학기술고등학교,특성화고,공업,공립,남녀공학,미입력,미입력,053-231-9100,053-231-9000,053-231-9107,053-231-9050,053-551-0355,dgst.dge.hs.kr,41855,대구광역시 서구 당산로 228,대구과학기술고등학교
대구광역시교육청,대구관광고등학교,특성화고,가사·실업,사립,남녀공학,미입력,미입력,053-235-9710,053-235-9711,053-235-9712,053-235-9736,053-957-1448,dgit.hs.kr,41182,대구광역시 동구 동북로71길 37,(신암동 80번지) 대구관광고등학교
대구광역시교육청,대구농업마이스터고등학교,마이스터고,농생명,공립,남녀공학,미입력,미입력,053-231-8001,053-231-8014,053-231-8008,053-231-8034,053-795-9953,dma.dge.hs.kr,706230,대구광역시 수성구 노변동 달구벌대로,3170
대구광역시교육청,대구반도체마이스터고등학교,마이스터고,공업,공립,남녀공학,미제공,미제공,053-231-8501,053-231-8500,053-231-8490,053-231-8550,053-562-7029,https://dgsm.dge.hs.kr/,42686,대구광역시 달서구 용산로 113,대구반도체마이스터고등학교
대구광역시교육청,대구보건고등학교,특성화고,가사·실업,사립,여,미입력,미입력,053-235-9430,053-235-9501,053-235-9500,053-235-9454,053-652-1505,dg-health.dge.hs.kr,704907,대구광역시 달서구 두류동 두류남길,"10 (두류동, 대구보건고등학교)"
대구광역시교육청,대구소프트웨어마이스터고등학교,마이스터고,공업,공립,남녀공학,미입력,미입력,053-231-9210,053-231-9226,053-231-9215,053-231-9244,053-614-0709,www.dgsw.hs.kr,43010,대구광역시 달성군 구지면 창리로11길 93,대구소프트웨어마이스터고등학교
대구광역시교육청,대구여자상업고등학교,특성화고,상업·정보,사립,여,미입력,미입력,053-235-9200,053-235-9190,053-235-9285,053-235-9191,053-235-9192,www.daegu-gch.hs.kr,42414,대구광역시 남구 현충로40길 50,대구여자상업고등학교
대구광역시교육청,대구일마이스터고등학교,마이스터고,공업,공립,남녀공학,미입력,미입력,053-231-8790,053-231-8813,053-231-8791,053-231-8869,053-958-3505,www.dgmeister.hs.kr,41171,대구광역시 동구 효동로 48,(효목동)
대구광역시교육청,대구제일여자상업고등학교,특성화고,상업·정보,공립,여,미입력,미입력,053-231-9270,053-231-9279,053-231-9274,"053-231-9343,9299",053-654-3759,www.jeil.hs.kr,704913,대구광역시 달서구 본리동 대명천로,120
대구광역시교육청,대구하이텍고등학교,특성화고,공업,공립,남,미입력,미입력,053-231-8700,053-231-8713,053-231-8708,053-231-8751,053-633-7304,hitech.dge.hs.kr,42748,대구광역시 달서구 학산남로 50,(상인동)
대구광역시교육청,대중금속공업고등학교,특성화고,공업,사립,남녀공학,미입력,미입력,053-235-9110,053-235-9112,053-235-9111,053-235-9127,053-767-7702,daejung.dge.hs.kr,41400,대구광역시 북구 관음로 303-12,대중금속공업고등학교
대구광역시교육청,상서고등학교,특성화고,가사·실업,사립,남녀공학,미입력,미입력,053-235-9600,053-235-9551,053-235-9601,053-235-9654,053-652-1119,sangsuh.dge.hs.kr,704911,대구광역시 달서구 두류동 야외음악당로,107
대구광역시교육청,영남공업고등학교,특성화고,공업,사립,남녀공학,미입력,미입력,053-235-8602,053-235-8625,053-235-8600,053-235-8732,053-742-1661,www.ynth.hs.kr,706709,대구광역시 수성구 만촌동 교학로,96 영남공업고등학교
대구광역시교육청,조일고등학교,특성화고,공업,사립,남녀공학,미입력,미입력,053-235-9002,053-235-9000,053-235-9007,053-235-9026,053-962-5846,choil.dge.hs.kr,41123,대구광역시 동구 신덕로 136-11,조일고등학교
인천광역시교육청,강남영상미디어고등학교,특성화고,공업,공립,남녀공학,미입력,미입력,032-627-3020,032-627-3037,032-627-3023,032-627-3043,032-627-3075,kangnam.icehs.kr,417841,인천광역시 강화군 길상면 강화남로,57
인천광역시교육청,계산공업고등학교,특성화고,공업,공립,남,미입력,미입력,032-627-3160,032-627-3163,032-552-2034,032-627-3171,032-554-6077,iks.icehs.kr,407813,인천광역시 계양구 계산동 도두리로,47번길
인천광역시교육청,문곡고등학교,특성화고,상업·정보,사립,남녀공학,미입력,미입력,032-460-1701,032-460-1704,032-460-1770,032-460-1748,032-428-4529,mg.icehs.kr,22675,인천광역시 서구 청마로 52,문곡고등학교
인천광역시교육청,문학정보고등학교,특성화고,상업·정보,공립,남녀공학,미제공,미제공,032-627-0771,032-627-0858,032-627-0809,032-627-9990,032-627-0780,munhak.icehs.kr/main.do,22238,인천광역시 미추홀구 소성로350번길 29,문학정보고등학교 (문학동)
인천광역시교육청,부평공업고등학교,특성화고,공업,공립,남,미입력,미입력,032-627-0100,032-526-0731,032-627-0194,032-627-0155,032-627-0193,pth.icehs.kr,21331,인천광역시 부평구 주부토로 194,부평공업고등학교
인천광역시교육청,영종국제물류고등학교,특성화고,상업·정보,공립,남녀공학,미입력,미입력,032-746-4400,032-746-4400,032-746-0030,032-627-3361,032-751-4167,yjil.icehs.kr,400812,인천광역시 중구 운남동 운남서로10번길,1(인천시 중구 운남동 799)
인천광역시교육청,영화국제관광고등학교,특성화고,상업·정보,사립,여,미입력,미입력,032-764-7920,032-764-7920,032-764-7920,032-627-6691,032-762-2856,younghwa.icehs.kr,401802,인천광역시 동구 창영동 우각로,39 영화국제관광고등학교
인천광역시교육청,인천금융고등학교,특성화고,상업·정보,사립,여,미입력,미입력,032-712-3900,032-712-3909,032-712-3901,032-712-3954,032-465-4327,finance.icehs.kr,21640,인천광역시 남동구 함박뫼로 438-10,인천금융고
인천광역시교육청,인천기계공업고등학교,특성화고,공업,공립,남,미입력,미입력,032-860-0100,032-860-0123,032-860-0101,032-860-0194,032-860-0198,ingigong.icehs.kr,402844,인천광역시 남구 주안동 한나루로,545
인천광역시교육청,인천대중예술고등학교,특성화고,공업,공립,남녀공학,미입력,미입력,032-760-9100,032-764-7032,032-765-8327,032-760-9152,032-765-7673,ipa.icehs.kr,22100,인천광역시 미추홀구 석정로 165,인천대중예술고등학교
인천광역시교육청,인천디자인고등학교,특성화고,공업,공립,남녀공학,미입력,미입력,032-560-1501,032-560-1610,032-560-1500,"032-560-1520, 1525, 1523",032-560-1529,indigo.icehs.kr,404838,인천 서구 연희동,대평로56번길 10
인천광역시교육청,인천미래생활고등학교,특성화고,공업,공립,여,미입력,미입력,032-627-1600,032-627-1603,032-361-3697,032-627-1631,032-361-1775,icl.icehs.kr,403100,인천광역시 부평구 부개동 수변로,165
인천광역시교육청,인천바이오과학고등학교,특성화고,공업,공립,남녀공학,미입력,미입력,032-899-1600,032-899-1700,032-817-0124,032-899-1640,032-821-8147,bio.icehs.kr,21915,인천광역시 연수구 용담로 12,청학동 455-1
인천광역시교육청,인천반도체고등학교,특성화고,공업,공립,남녀공학,미입력,미입력,032-770-0700,032-770-0720,032-770-7569,032-770-0786~0789,032-766-8230,isc.icehs.kr/,400130,인천광역시 중구 율목동,4-1 참외전로 192
인천광역시교육청,인천보건고등학교,특성화고,상업·정보,사립,남녀공학,미입력,미입력,032-570-0101,032-455-0010,032-570-9000,032-455-0043,032-455-0052,ihealth.icehs.kr/,404823,인천 서구 석남3동,산10번지(서달로 58-16)
인천광역시교육청,인천뷰티예술고등학교,특성화고,가사·실업,공립,여,미입력,미입력,032-627-3710,032-627-3726,032-627-3716,032-627-3760,032-627-3803,ibas.icehs.kr,21973,인천광역시 연수구 원인재로 21,인천뷰티예술고등학교
인천광역시교육청,인천비즈니스고등학교,특성화고,상업·정보,공립,여,미입력,미입력,032-627-0480,032-627-0495,032-627-0482,032-627-0517,032-627-0566,ibg.icehs.kr,22115,인천광역시 미추홀구 장고개로 31,인천비즈니스고등학교
인천광역시교육청,인천산업정보학교[각종학교],특성화고,상업·정보,공립,남녀공학,미제공,미제공,,032-765-5471,032-763-5473,032-627-2821,032-765-5473,sanup.icesc.kr,22564,인천광역시 동구 금창로 31,인천산업정보학교
인천광역시교육청,인천생활과학고등학교,특성화고,가사·실업,공립,남녀공학,미입력,미입력,032-820-6500,032-820-6521,032-820-6505,032-820-6592,032-820-6528,ips.icehs.kr,21922,인천광역시 연수구 함박뫼로 103,인천생활과학고등학교
인천광역시교육청,인천소방고등학교,특성화고,공업,공립,남녀공학,미제공,제공,032-760-0100,032-760-0120,032-760-0102,032-760-0150~0153,032-760-0276,ifth.icehs.kr,22100,인천광역시 미추홀구 석정로 165,도화동 20-6
인천광역시교육청,인천여자상업고등학교,특성화고,상업·정보,공립,여,미입력,미입력,032-627-2355,032-627-1485,032-627-1404,032-627-1444,032-761-2356,igc.icehs.kr,400070,인천광역시 중구 신생동 인중로,146
인천광역시교육청,인천전자마이스터고등학교,마이스터고,공업,공립,남녀공학,미입력,미입력,032-620-8601,032-620-8625,032-764-7021,032-620-8623,032-764-7079,intec.icehs.kr,22100,인천광역시 미추홀구 석정로 165,인천전자마이스터고등학교
인천광역시교육청,인천중앙여자고등학교,특성화고,상업·정보,사립,여,미입력,미입력,032-882-0955,032-883-8748,032-883-8735,032-883-8734,032-885-8726,ija.icehs.kr,400140,인천광역시 중구 도원동 샛골로,31 인천중앙여자고등학교
인천광역시교육청,인천해사고등학교,마이스터고,수산·해운,국립,남녀공학,미입력,미입력,032-770-1001,032-770-1000,032-770-1082,032-770-1039,032-770-1045,inm.icehs.kr/,22304,인천광역시 중구 월미로 338,(북성동1가
인천광역시교육청,인천해양과학고등학교,특성화고,수산·해운,공립,남,미입력,미입력,032-832-4657,032-832-4654,032-627-7740,032-627-6886,032-831-5470,mars.icehs.kr,21956,인천광역시 연수구 능허대로 71,인천해양과학고등학교
인천광역시교육청,인평자동차고등학교,특성화고,공업,사립,남,미입력,미입력,032-517-0723,032-517-0721(대표),,,032-517-0728,inpyung.icehs.kr,21373,인천광역시 부평구 화랑로 111,(산곡동)
인천광역시교육청,재능고등학교,특성화고,공업,사립,남녀공학,미제공,제공,032-890-7601,032-890-7650,032-890-7691,032-890-7650,032-764-1170,jn.icehs.kr,401070,인천광역시 동구 송림동,재능고등학교
인천광역시교육청,정석항공과학고등학교,특성화고,공업,사립,남녀공학,미제공,미제공,032-720-6500,032-720-6512,032-867-6242,032-720-6543,032-874-1171,jungseok.icehs.kr,22212,인천광역시 미추홀구 인하로 100,정석항공과학고등학교
인천광역시교육청,한국글로벌셰프고등학교,특성화고,가사·실업,사립,남,미입력,미입력,,032-932-5901,032-932-5903,,032-932-5902,kgch.icehs.kr,23018,인천광역시 강화군 내가면 강화서로 184,한국글로벌셰프고등학교
인천광역시교육청,한국주얼리고등학교,특성화고,공업,사립,남녀공학,미입력,미입력,032-627-3890,032-562-7955,032-561-0146,032-627-3922,032-561-0140,koreajewelry.icehs.kr,404140,인천광역시 서구 백석동 서곶로,693-1(백석동 산 40-3)
광주광역시교육청,광주공업고등학교,특성화고,공업,공립,남녀공학,미입력,미입력,062-570-2801,062-570-2805,062-570-2900,062-570-2849,062-570-2819,gt.gen.hs.kr/,61062,광주광역시 북구 설죽로315번길 14,광주공업고등학교
광주광역시교육청,광주소프트웨어마이스터고등학교,마이스터고,공업,공립,남녀공학,미입력,미입력,062-949-6801,062-949-6800,062-949-6806,062-949-6879,062-949-6819,gsm.gen.hs.kr,62423,광주광역시 광산구 상무대로 312,(송정동)
광주광역시교육청,광주여자상업고등학교,특성화고,상업·정보,사립,여,미입력,미입력,062-670-4701,062-670-4711,062-670-4533,062-670-4761,062-670-4778,ggc.gen.hs.kr,61737,광주광역시 남구 서문대로627번길 20,광주여자상업고등학교
광주광역시교육청,광주자동화설비마이스터고등학교,마이스터고,공업,공립,남녀공학,미입력,미입력,062-949-0510,062-949-0520,062-949-0500,062-949-0533,062-949-0570,gat.gen.hs.kr,62375,광주광역시 광산구 사암로92번길 136-26,(우산동 1084)
광주광역시교육청,광주자연과학고등학교,특성화고,농생명,공립,남녀공학,미제공,미제공,062-260-3610,062-260-3700,062-260-3601,062-260-3762,062-261-6317,kns.gen.hs.kr,500836,광주광역시 북구 오치동 능안로,30 광주자연과학고등학교
광주광역시교육청,광주전자공업고등학교,특성화고,공업,공립,남녀공학,미입력,미입력,062-970-0501,062-970-0505,062-970-0500,062-970-0586,062-972-0845,get.gen.hs.kr,506824,광주 광산구 월계동,(첨단 중앙로 7)
광주광역시교육청,금파공업고등학교,특성화고,공업,사립,남녀공학,미입력,미입력,062-605-6101,062-605-6110,062-605-6171,062-605-6155,062-605-6192,kumpa.gen.hs.kr/,61115,광주광역시 북구 금호로 80,금파공업고등학교
광주광역시교육청,동일미래과학고등학교,특성화고,가사·실업,사립,남녀공학,미제공,미제공,062-650-6211,062)650-6200,062)650-6355,062-650-6231,062-650-6288,k-dongil.gen.hs.kr,61680,광주광역시 남구 천변좌로604번길 12,동일미래과학고등학교
광주광역시교육청,서진여자고등학교,일반고(종합고),가사·실업,사립,여,미입력,미입력,062-610-1680,062-610-1654,062-610-1607,062-610-1654,062-672-1240,seojin.gen.hs.kr,61699,광주광역시 남구 서문대로742번길 20,서진여자고등학교
광주광역시교육청,송원여자상업고등학교,특성화고,상업·정보,사립,여,미입력,미입력,062-570-6401,062-570-6412,062-570-6403~4,062-570-6449,062-570-6448,songwon-gc.gen.hs.kr,61756,광주광역시 남구 송암로 73,(송하동 365)
광주광역시교육청,숭의과학기술고등학교,특성화고,공업,사립,남녀공학,미입력,미입력,062-606-5801,062-606-5820,062-606-5810,062-606-5858,062-672-9153,sst.gen.hs.kr,61679,광주광역시 남구 오방로 34-13,숭의과학기술고등학교
광주광역시교육청,전남공업고등학교,특성화고,공업,공립,남녀공학,미입력,미입력,062-603-1209,603-1201,603-1200,062-603-1260,062-603-1215,kiram.gen.hs.kr,62252,광주광역시 광산구 왕버들로322번길 26,전남공업고등학교
광주광역시교육청,전남여자상업고등학교,특성화고,상업·정보,사립,여,미입력,미입력,062-570-8700,062-570-8708,062-570-8708,062-570-8658,062-573-8804,cgch.org,500825,광주 북구 삼각동,479-1번지
대전광역시교육청,계룡디지텍고등학교,특성화고,공업,사립,남,미입력,미입력,042-630-6002,630-6004~5,042-630-6000,042-630-6063,042-627-7374,krdhs.djsch.kr,300812,대전광역시 동구 삼성동 소랑길,64
대전광역시교육청,대덕소프트웨어마이스터고등학교,마이스터고,공업,공립,남녀공학,미입력,미입력,042-866-8000,042-866-8811,042-866-8881,042-866-8843,042-866-8844,dsmhs.djsch.kr,34111,대전광역시 유성구 가정북로 76,장동 23-9
대전광역시교육청,대전국제통상고등학교,특성화고,상업·정보,공립,남녀공학,미입력,미입력,042-580-2501,042-580-2503,042-580-2585,"042-580-2541,583-8570",042-585-8272,dimhs.djsch.kr,301812,대전광역시 중구 문화동 서문로,47
대전광역시교육청,대전대성여자고등학교,특성화고,상업·정보,사립,여,미입력,미입력,042-670-2001,,,042-670-2099,042-672-4888,dsghs.djsch.kr,300804,대전 동구 가양1동,309
대전광역시교육청,대전도시과학고등학교,특성화고,공업,공립,남녀공학,미입력,미입력,042-540-2101,042-540-2114,042-540-2100,042-540-2138,042-544-0258,dushs.djsch.kr/,305809,대전광역시 유성구 원내동 진잠로42번길,35 대전도시과학고등학교
대전광역시교육청,대전생활과학고등학교,특성화고,공업,사립,남녀공학,미입력,미입력,042-629-1301,042-629-1315~9,042-629-1351,042-621-3608,042-636-3607,djpshs.djsch.kr,306819,대전광역시 대덕구 오정동 동산초교로63번길,12
대전광역시교육청,대전신일여자고등학교,특성화고,상업·정보,사립,여,미입력,미입력,042-250-8601,042-250-8612,042-250-8603,042-250-8650,042-257-4578,shinilhs.djsch.kr/main.do,35058,대전광역시 중구 부사로 48,","
대전광역시교육청,대전여자상업고등학교,특성화고,상업·정보,사립,여,미입력,미입력,042-250-8301,042-250-8311,042-250-8310,042-250-8375,042-255-8319,aramhs.djsch.kr/,301823,대전광역시 중구 선화동 대종로550번길,31
대전광역시교육청,대전전자디자인고등학교,특성화고,공업,공립,남녀공학,미입력,미입력,042-611-8300,042-611-8310,042-611-8302,042-611-8384,042-864-1328,djedhs.djsch.kr,305348,대전 유성구 화암동,174(유성구 대덕대로 939)
대전광역시교육청,동아마이스터고등학교,마이스터고,공업,사립,남,미입력,미입력,042-620-1165,042-620-1114,042-620-1111,042-620-1185,042-620-1198,dongahs.djsch.kr,300829,대전 동구 자양동,충정로 97호(구 자양동 2번지) 동아마이스터고등학교
대전광역시교육청,유성생명과학고등학교,특성화고,농생명,공립,남녀공학,미입력,미입력,042-539-5801,042-539-5815,042-539-5800,042-539-5796~8,042-822-7066,ysbsths.djsch.kr,305800,대전광역시 유성구 구암동 월드컵대로,270
대전광역시교육청,충남기계공업고등학교,특성화고,공업,공립,남,미입력,미입력,042-580-2100,042-580-2200,042-580-2120,042-580-2140,042-580-2193,chungnam-mhhs.djsch.kr/,34999,대전광역시 중구 산성로 154,충남기계공업고등학교
울산광역시교육청,울산공업고등학교,특성화고,공업,공립,남녀공학,미입력,미입력,052-257-0615,052-257-0615,052-261-4051,070-7791-9205,052-267-9963,ust.hs.kr,44689,울산광역시 남구 중앙로204번길 49,(신정동)
울산광역시교육청,울산기술공업고등학교,특성화고,공업,사립,남녀공학,미입력,미입력,052-237-4004,052-237-4002,052-237-4000,052-237-4002,052-238-4455,ue.hs.kr,689893,울산광역시 울주군 온산읍 덕망로,54
울산광역시교육청,울산마이스터고등학교,마이스터고,공업,공립,남,제공,미입력,052-702-2000,052-702-2012,052-702-2006,052-702-2033(취업지원부),052-288-1714,school.use.go.kr/ulsanmeister-h/M01/,683360,울산광역시 북구 효문동 율동6길,7
울산광역시교육청,울산미용예술고등학교,특성화고,가사·실업,공립,남녀공학,미입력,미입력,052-259-9550,052-225-6491~5,052-225-0005,052-259-9539,052-225-8730,uba.hs.kr,44965,울산광역시 울주군 웅촌면 학교길 26,울산미용예술고등학교
울산광역시교육청,울산산업고등학교,특성화고,농생명,공립,남녀공학,미제공,제공,052-262-5611,052-262-0171,052-262-0452,052-985-9359,052-985-1876,www.usup.hs.kr,44951,울산광역시 울주군 삼남읍 반구대로 675,.
울산광역시교육청,울산상업고등학교,특성화고,상업·정보,공립,남,미입력,미입력,052-277-2437,052-277-1812,052-277-1811,052-901-5891,052-277-7091,school.use.go.kr/ulsan-h/M01/,44933,울산광역시 울주군 범서읍 장검길 11,울산상업고등학교
울산광역시교육청,울산생활과학고등학교,특성화고,가사·실업,공립,남녀공학,미입력,미입력,052-236-9121,052-235-9661,052-236-9122,052-705-9051,052-236-9123,uvhe.hs.kr,44054,울산광역시 동구 학문로 70,울산생활과학고등학교 (화정동)
울산광역시교육청,울산애니원고등학교,특성화고,공업,공립,남녀공학,제공,미제공,052-248-4031,052-248-4029,052-248-4030,052-977-4006,052-248-4034,anione.hs.kr,44417,울산광역시 중구 성안11길 21,울산애니원고등학교
울산광역시교육청,울산에너지고등학교,마이스터고,공업,공립,남녀공학,미입력,미입력,052-288-8255,052-289-4197,052-288-8256,052-287-0168,052-289-4196,www.usenergy.hs.kr,44240,울산광역시 북구 화동2길 28,울산에너지고등헉교
울산광역시교육청,울산여자상업고등학교,특성화고,상업·정보,공립,여,미입력,미입력,052-275-2147,052-925-3662,052-268-0691,052-925-3720,052-260-2335,ulsangch.hs.kr,44742,울산광역시 남구 두왕로 304,(신정동)
울산광역시교육청,현대공업고등학교,마이스터고,공업,사립,남녀공학,미입력,미입력,052-250-0365,052-250-0300,052-250-0324,052-250-0330,052-209-2675,hit.hs.kr,44032,울산광역시 동구 미포로 122,현대공업고등학교
세종특별자치시교육청,세종미래고등학교,특성화고,공업,공립,남녀공학,제공,제공,044-715-7800,044-275-4091,044-715-7880,044-715-7837,044-864-9643,sjmirae.sjeduhs.kr,30073,세종특별자치시 부강면 문곡달미길 6,(문곡리 997-1)
세종특별자치시교육청,세종여자고등학교,일반고(종합고),상업·정보,공립,여,미입력,미입력,044-862-1081,070-4600-5555,044-862-1082,070-4600-5555,044-863-1086,sjghs.sjeduhs.kr,30019,세종특별자치시 조치원읍 봉산로 16,(서창리 167)
세종특별자치시교육청,세종장영실고등학교,특성화고,가사·실업,공립,남녀공학,미입력,미입력,044-902-2801,044-902-2800,044-902-2803,044-902-2833,044-902-2830,sejongjys.sjeduhs.kr/index.do?sso=ok,30079,세종특별자치시 금남면 금남구즉로 196,(호탄리 53-4)
경기도교육청,가온고등학교,일반고(종합고),상업·정보,사립,남녀공학,미입력,미입력,070-4865-7101,070-4865-7159,031-674-5022,070-4865-7136,031-675-5022,gaon-h.goean.kr/gaon-h/main.do,17596,경기도 안성시 샛터길 46,가온고등학교
경기도교육청,경기게임마이스터고등학교,마이스터고,공업,공립,남녀공학,미입력,미입력,031-428-5500,031-428-5496,031-428-5402,031-428-5410,031-382-6335,ggm-h.goeay.kr,431811,경기도 안양시 동안구 비산동 학의로,70
경기도교육청,경기경영고등학교,특성화고,상업·정보,사립,남녀공학,미입력,미입력,032-613-7464,032-655-4022,032-652-1701,032-613-2876,032-6563972,goebc.kr,14747,경기도 부천시 심곡로 100,경기경영고등학교
경기도교육청,경기관광고등학교,특성화고,상업·정보,사립,남녀공학,미입력,미입력,031-882-9195,031-882-9196,031-882-2250,070-4066-0723,070-7166-8874,gtour.hs.kr,12610,경기도 여주시 대신면 여양로 1416,경기관광고등학교
경기도교육청,경기국제통상고등학교,특성화고,상업·정보,공립,남녀공학,미입력,미입력,032-320-6200,032-320-6211,032-320-6208,"032-320-0800,0807",032-324-7393,git-h.goebc.kr,14583,경기도 부천시 석천로 141,경기국제통상고등학교
경기도교육청,경기모바일과학고등학교,특성화고,상업·정보,공립,남녀공학,미입력,미입력,031-400-6701,031-400-6711,031-400-6700,031-400-6766,031-437-0214,gms-h.goeas.kr,15521,경기도 안산시 상록구 남산평길 35,(팔곡일동 253)
경기도교육청,경기물류고등학교,특성화고,상업·정보,공립,남녀공학,미입력,미입력,031-650-9901,031-650-9911,031-650-9905,031-650-9931,031-681-2201,ggl-h.goept.kr,17936,경기도 평택시 안중읍 안현로 403,경기물류고등학교 산학협력부
경기도교육청,경기스마트고등학교,특성화고,공업,공립,남녀공학,미입력,미입력,070-8708-2100,070-8708-2117,070-8708-2105,070-8708-2137,031-433-8131,sh-smart-hs.nitroeye.co.kr/,429856,경기도 시흥시 정왕동 정왕천로,404
경기도교육청,경기영상과학고등학교,특성화고,공업,공립,남녀공학,미입력,미입력,031-910-1401,031-910-1410,031-919-1160,031-910-8730,031-910-8785,gmsh-h.goegy.kr,411848,경기도 고양시 일산서구 주엽동 강선로,8 경기영상과학고등학교 본관동
경기도교육청,경기자동차과학고등학교,특성화고,공업,사립,남녀공학,제공,미제공,031-310-9002,031-310-9010,031-310-9090,031-310-9020,031-315-5104,ghas.hs.kr,14933,경기도 시흥시 금오로 103,경기자동차과학고등학교
경기도교육청,경기폴리텍고등학교,특성화고,공업,공립,남녀공학,미입력,미입력,031-390-4511,031-390-4587,031-390-4509,031-390-4523,031-390-4529,g-polytechgo.goegu.kr,435040,경기 군포시 산본동,524
경기도교육청,경기항공고등학교,특성화고,공업,사립,남녀공학,미입력,미입력,02-2613-0024,02-2613-0024,02-2685-3573,02-2613-0127,02-6499-3573,gahs-h.goegm.kr,14271,경기도 광명시 새터안로 20,경기항공고등학교
경기도교육청,경민IT고등학교,특성화고,공업,사립,남녀공학,미입력,미입력,031-828-7840,031-828-7841~5,031-828-7844,031-828-7849,031-828-7955,kmit-h.goeujb.kr,480702,경기도 의정부시 가능동 서부로,545
경기도교육청,경민비즈니스고등학교,특성화고,상업·정보,사립,여,미입력,미입력,031-828-7820,031-828-7822,031-828-7630~7636,031-828-7825 / 031-828-7794,031-828-7954,kmbiz-h.goeujb.kr,480702,경기도 의정부시 가능동 서부로,545(가능동) 경민비즈니스고등학교
경기도교육청,경일관광경영고등학교,특성화고,상업·정보,사립,남녀공학,미입력,미입력,031-363-1301,031-363-1400,031-363-1300,031-363-1446,031-486-9121,kyongil-h.goeas.kr,425829,경기도 안산시 단원구 선부동 석수로,경일관광경영고등학교
경기도교육청,경화여자English Business고등학교,특성화고,상업·정보,사립,여,미입력,미입력,031-799-0602,031-799-0604,031-799-0691,031-799-0608,031-799-0641,kheb-h.goegh.kr,464901,경기도 광주시 송정동 수하길11번길,43(송정동)
경기도교육청,고양고등학교,특성화고,농생명,공립,남녀공학,미입력,미입력,02-350-5701,02-350-5720,02-350-5700,02-350-5780,02-350-5895,koyang-h.goegy.kr,412080,경기 고양시 덕양구 삼송동,45-2 고양고등학교
경기도교육청,곤지암고등학교,일반고(종합고),상업·정보,공립,남녀공학,미입력,미입력,031-762-6462,031-762-6462,031-762-6040,031-699-2072,031-763-1773,gonjiam-h.goegh.kr,12804,경기도 광주시 곤지암읍 곤지암로 82,곤지암고등학교
경기도교육청,광주중앙고등학교,일반고(종합고),농생명,공립,남녀공학,미입력,미입력,031-799-7300,031-799-7443,031-799-7306,031-799-7365,031-799-7383,gjja-h.goegh.kr,464807,경기도 광주시 역동 역동로63번길,1 광주중앙고등학교
경기도교육청,광탄고등학교,일반고(종합고),상업·정보,사립,남녀공학,제공,제공,031-956-0076,031-956-0050,031-956-0001,031-956-0050,031-947-3338,gtan-h.goepj.kr,10948,경기도 파주시 광탄면 혜음로1128번길 16,광탄고등학교
경기도교육청,군자디지털과학고등학교,특성화고,공업,공립,남녀공학,미입력,미입력,031-489-8080,031-489-8114,031-489-8003~8,031-489-8081,031-495-4211,gunja.hs.kr,15067,경기도 시흥시 군자로487번길 54,군자디지털과학고등학교
경기도교육청,군포e비즈니스고등학교,특성화고,상업·정보,공립,남녀공학,미입력,미입력,031-390-5300,031-390-5322,031-390-5308,031-390-5356/358,031-398-2276,gp-ebizgo.goegu.kr,15819,경기도 군포시 수리산로 153,(산본동 1149-6)
경기도교육청,근명고등학교,특성화고,상업·정보,사립,여,미입력,미입력,031-456-4640,"031-446-1201,1202",031-449-3567,031-8045-8758,031-444-6971,kmh-h.goeay.kr,430834,경기도 안양시 만안구 안양동 삼덕로,49
경기도교육청,금곡고등학교,일반고(종합고),상업·정보,공립,남녀공학,미입력,미입력,031-592-7082,031-592-7082(252),031-592-7081,031-524-6324,031-592-7065,kumgok.hs.kr,12238,경기도 남양주시 경춘로992번길 10,(금곡동)
경기도교육청,김포과학기술고등학교,특성화고,공업,공립,남녀공학,미입력,미입력,031-999-3601,031-999-3655,031-999-3608,031-999-3691,031-999-3629,gpst-h.gpoe.kr/gpst-h/main.do,415832,경기도 김포시 북변동 봉화로,69
경기도교육청,남양고등학교,일반고(종합고),상업·정보,공립,남녀공학,미입력,미입력,031-8077-1797,031-8077-1740,031-8077-1701,031-8077-1786,031-8077-1703,namyang-h.goehs.kr,18262,경기도 화성시 남양읍 시청로45번길 23,남양고등학교
경기도교육청,남양주고등학교,특성화고,공업,공립,남녀공학,미입력,미입력,031-590-3701,031-590-3700,031-593-4346,031-590-3737,031-590-3724,goegn.kr/namyangju-h/main.do,472844,경기 남양주시 화도읍 월산리,99-4
경기도교육청,다산고등학교,일반고(종합고),공업,사립,남녀공학,미입력,미입력,031-645-7100,031-645-7120,031-645-7110,031-645-7148,031-645-7199,dasan.goeic.kr/,17308,경기도 이천시 경충대로 2856,특성화교육부
경기도교육청,덕영고등학교,특성화고,상업·정보,사립,남녀공학,미제공,미제공,031-329-4302,031-329-4330,031-329-4305,031-329-4385,031-329-4310,dukyoung-h.goeyi.kr/,17151,경기도 용인시 처인구 고림로74번길 15,덕영고등학교
경기도교육청,동두천중앙고등학교,일반고(종합고),공업,공립,남녀공학,미입력,미입력,031-860-1201,031-860-1221,031-860-1211,031-860-1281~4,031-860-1297,ddcja-h.goedy.kr,11363,경기도 동두천시 평화로 2280,동두천중앙고등학교
경기도교육청,동일공업고등학교,특성화고,공업,사립,남녀공학,미입력,미입력,031-652-0009,031-653-6335,031-653-6333,031-653-6350,031-653-6393,di.hs.kr,17873,경기도 평택시 중앙로 315,동일공업고등학교
경기도교육청,두원공업고등학교,특성화고,공업,사립,남녀공학,미입력,미입력,031-678-0200,031-678-0248,031-678-0209,031-678-0243,031-677-2129,doowon-h.goean.kr,17598,경기도 안성시 미양면 미양로 727,두원공업고등학교
경기도교육청,마장고등학교,일반고(종합고),상업·정보,공립,남녀공학,미입력,미입력,031-634-4373,031-632-2082,031-632-2080,,031-632-6802,www.majang.hs.kr,467814,경기도 이천시 마장면 마도로,23
경기도교육청,매향여자정보고등학교,특성화고,상업·정보,사립,여,미입력,미입력,031-259-0701,031-259-0711,031-259-0700,031-259-0790,031-259-0710,mh-h.goesw.kr,16254,경기도 수원시 팔달구 수원천로 350,매향여자정보고등학교 (매향동)
경기도교육청,문산수억고등학교,일반고(종합고),상업·정보,사립,남녀공학,미입력,미입력,031-952-2402,031-952-2402,031-952-2666,031-952-2402,031-952-2403,munsansueok-h.goepj.kr,10836,경기도 파주시 파주읍 우계로 357,문산수억고등학교
경기도교육청,문산제일고등학교,일반고(종합고),농생명,공립,남녀공학,미입력,미입력,031-950-9401,031-950-9403,031-950-9400,031-950-9427,031-943-2353,munsanjeil.hs.kr,10849,경기도 파주시 평화로 190,문산제일고등학교
경기도교육청,발안바이오과학고등학교,특성화고,농생명,공립,남녀공학,미입력,미입력,031-352-9511,031-352-9513,031-352-9512,031-352-9514,031-353-3754,bio-h.goehs.kr,18592,경기도 화성시 향남읍 발안로 71,발안바이오과학고등학교
경기도교육청,백암고등학교,일반고(종합고),상업·정보,공립,남녀공학,미입력,미입력,031-333-1570,031-332-4020,031-320-4701,031-328-8174,070-4009-3673,baegam-h.goeyi.kr,449865,경기 용인시 처인구 백암면 근창리,166번지
경기도교육청,부원고등학교,일반고(종합고),공업,사립,남녀공학,미입력,미입력,031-645-6200,031-645-6200,"031-645-6213,6214,6215","031-645-6225,6242",031-643-2055,buwon.goeic.kr/,17421,경기도 이천시 장호원읍 서동대로 8857,부원고등학교
경기도교육청,부천공업고등학교,특성화고,공업,공립,남녀공학,미입력,미입력,032-610-7401,032-610-7407,032-610-7547,032-610-7414,032-610-7495,bugong-h.goebc.kr/bukong-h/main.do,422819,경기도 부천시 소사구 송내동 경인로,120번길 82
경기도교육청,부천정보산업고등학교,특성화고,상업·정보,공립,남녀공학,미입력,미입력,032-320-1700,032-320-1702,032-322-2169,032-320-1797,032-322-0639,ibucheon-h.goebc.kr,420812,경기도 부천시 원미구 상동 신상로,94
경기도교육청,분당경영고등학교,특성화고,상업·정보,공립,남녀공학,미입력,미입력,031-8023-1300,031-8023-1305,031-8023-1403,031-8023-1430,031-8023-1495,bundangmgt-h.goesn.kr,463804,경기도 성남시 분당구 금곡동 금곡로,289 분당경영고등학교
경기도교육청,분당아람고등학교,특성화고,상업·정보,공립,남녀공학,미제공,미제공,031-609-0501,031-706-0291,031-706-0291,031-706-0335,031-706-0295,bdar-h.goesn.kr,463835,경기도 성남시 분당구 야탑동 장미로,153
경기도교육청,비봉고등학교,일반고(종합고),공업,사립,남녀공학,미입력,미입력,031-356-0791,"031-356-0793, 031-356-4315",031-356-0791,031-356-4325,031-356-8535,bibong-h.goehs.kr/bibong-h/main.do,445842,경기 화성시 비봉면 양노리,260-1
경기도교육청,삼일고등학교,특성화고,상업·정보,사립,남녀공학,미입력,미입력,031-8065-8801,031-8065-8821,031-8065-8910,031-8065-8921,031-8065-8991,samil-h.goesw.kr,16254,경기도 수원시 팔달구 수원천로392번길 44-28,(매향동)
경기도교육청,삼일공업고등학교,특성화고,공업,사립,남녀공학,미입력,미입력,031-250-2400,031-2502-411,031-250-4706,031-2502-465,031-257-3135,sths-h.goesw.kr,442160,경기도 수원시 팔달구 매향동 수원천로392번길,44-60 삼일공고
경기도교육청,성남테크노과학고등학교,특성화고,공업,공립,남녀공학,미입력,미입력,031-750-8100,031-753-0253,031-753-0254,031-750-8176,031-750-8185,sts-h.goesn.kr,462839,경기 성남시 중원구 하대원동,153
경기도교육청,성보경영고등학교,특성화고,상업·정보,사립,남녀공학,미입력,미입력,031-746-7040,031-746-7041,031-742-7714,031-742-7715,031-742-7750,seongbo-h.goesn.kr,13132,경기도 성남시 수정구 논골로 82,(단대동 5)
경기도교육청,성일정보고등학교,특성화고,상업·정보,사립,남녀공학,미제공,제공,031-720-1301,031-720-1303,031-720-1333,031-720-1392,031-720-1379,sungili-h.goesn.kr/sungili-h/main.do,462826,경기도 성남시 중원구 성남동 시민로77번길,성일정보고등학교
경기도교육청,세경고등학교,특성화고,공업,사립,남녀공학,미입력,미입력,031-950-9921,031-950-9920,031-950-9900,031-950-9923,031-953-3957,www.pjsg.hs.kr,10834,경기도 파주시 파주읍 술이홀로 379,세경고등학교
경기도교육청,수원공업고등학교,특성화고,공업,사립,남녀공학,미입력,미입력,031-8006-1210,031-8006-1222,031-8006-1200,031-8006-1257,031-8006-1228,sugong-h.goesw.kr,442827,경기 수원시 팔달구 인계동,세지로 254 수원공업고등학교
경기도교육청,수원농생명과학고등학교,특성화고,농생명,공립,남녀공학,미입력,미입력,031-259-4499,031-259-4340,031-259-4300,031-259-4376,031-258-4337,sunong-h.goesw.kr,16277,경기도 수원시 장안구 광교산로 13,수원농생명과학고등학교
경기도교육청,수원정보과학고등학교,특성화고,공업,공립,남녀공학,미입력,미입력,031-218-4001,031-218-4100,031-218-4000,031-218-4191,031-8007-0739,swjb-h.goesw.kr,16501,경기도 수원시 영통구 동수원로551번길 16,(원천동)
경기도교육청,수원하이텍고등학교,마이스터고,공업,공립,남녀공학,미입력,미입력,031-201-9088,031-201-9000,031-201-9900,"031-201-9950, 201-9953",031-206-1986,sht-h.goesw.kr,16710,경기도 수원시 영통구 청명북로 56,수원하이텍고등학교
경기도교육청,신일비즈니스고등학교,특성화고,상업·정보,공립,남녀공학,미입력,미입력,031-929-2101,031-929-2120,031-929-2106,031-929-2136,031-917-3109,i-shinil-h.goegy.kr,411827,경기도 고양시 일산서구 일산동 킨텍스로,452
경기도교육청,안산공업고등학교,특성화고,공업,사립,남녀공학,미입력,미입력,031-410-4061,031-403-4231,031-486-4295,031-410-4701,031-410-4067,ansanth.goeas.kr/,15276,경기도 안산시 상록구 안산공고로 51,안산공업고등학교
경기도교육청,안산국제비즈니스고등학교,특성화고,상업·정보,사립,남녀공학,미입력,미입력,070-5209-5400,031-483-6184,031-483-6181,070-5209-5420,031-483-2773,ansanib-h.goeas.kr,426410,경기 안산시 상록구 장상동,9번지 안산국제비즈니스고등학교
경기도교육청,안산디자인문화고등학교,특성화고,상업·정보,사립,남녀공학,미입력,미입력,031-400-3201,031-400-3116,031-400-3100,031-400-3297,031-408-0977,adc-h.goeas.kr/adc-h/main.do,426810,경기 안산시 상록구 본오3동,798번지 안산디자인문화고등학교
경기도교육청,안양공업고등학교,특성화고,공업,공립,남녀공학,미입력,미입력,031-463-0101,031-463-0114,031-463-0110,031-463-0174,031-445-9835,anyang-t.hs.kr,14007,경기도 안양시 만안구 양화로28번길 69,안양공업고등학교
경기도교육청,안양문화고등학교,특성화고,상업·정보,사립,남녀공학,미입력,미입력,031-470-4110,031-470-4100,031-448-7755,031-470-4195,031-443-1562,anyangculture.hs.kr,430841,경기도 안양시 만안구 안양동 양화로,37번길 36
경기도교육청,안중고등학교,일반고(종합고),공업,사립,남,미제공,미제공,031-683-3102,031-683-3104,031-683-3103,070-7805-5318,031-683-3109,anjung-h.goept.kr/anjung-h/main.do,451885,경기 평택시 안중읍 현화리,산83
경기도교육청,양동고등학교,일반고(종합고),상업·정보,사립,남녀공학,미입력,미입력,031-773-1176,031-773-8100,031-773-1032,,031-771-1064,yangdong-h.goeyp.kr,12539,경기도 양평군 양동면 학둔지윗길 47-7,쌍학리
경기도교육청,양서고등학교,일반고(종합고),상업·정보,사립,남녀공학,미입력,미입력,031-770-1404,031-770-1416,031-770-1409,031-770-1444,031-771-1418,yangseo.hs.kr,476824,경기도 양평군 양서면 상촌길,31-12
경기도교육청,양영디지털고등학교,특성화고,공업,공립,남녀공학,미입력,미입력,031-778-2301,031-778-2311,031-778-2300,031-778-2326,031-778-2392,yy-h.goesn.kr,13587,경기도 성남시 분당구 불정로386번길 35,양영디지털고등학교
경기도교육청,양평고등학교,일반고(종합고),농생명,공립,남녀공학,미입력,미입력,031-772-2581,031-772-2580,031-772-2747,070-8708-9858,031-771-0434,yp-h.goeyp.kr,476802,경기 양평군 양평읍 양근1리,237-1
경기도교육청,양평전자과학고등학교,특성화고,공업,공립,남녀공학,미입력,미입력,031-5175-0910,031-5175-0901,031-5175-0900,031-5175-0918,070-7815-6976,ypes-h.goeyp.kr,12582,경기도 양평군 양서면 대심상심길 13,양평전자과학고등학교
경기도교육청,여주자영농업고등학교,특성화고,농생명,공립,남녀공학,미입력,미입력,031-880-2701,031-883-2843,031-883-2842,031-880-2749,031-883-2841,farms-h.goeyj.kr,12643,경기도 여주시 세종대왕면 농도원1길 78-1,여주자영농업고등학교
경기도교육청,여주제일고등학교,일반고(종합고),상업·정보,사립,남녀공학,미제공,미제공,031-882-3352,031-882-3352,031-882-3351,031-883-3308,031-882-3301,www.goeyj.kr/yeojufirst-h/main.do,12661,경기도 여주시 가남읍 여주남로 1155-15,여주제일고등학교
경기도교육청,연천고등학교,일반고(종합고),농생명,공립,남녀공학,미입력,미입력,031-834-1425,031-834-1427,031-834-1426,031-824-9475,031-834-2321,yeoncheon-h.goeyc.kr,11013,경기도 연천군 연천읍 연천로336번길 13,연천고등학교
경기도교육청,영북고등학교,특성화고,상업·정보,공립,남녀공학,제공,미제공,031-538-8100,031-532-6062,031-532-6061,031-538-8153,031-531-1236,youngbuk-h.goepc.kr,11104,경기도 포천시 영북면 영북로 136,영북고등학교
경기도교육청,오산정보고등학교,특성화고,상업·정보,공립,남녀공학,미입력,미입력,031-370-5607,031-370-5620,031-370-5600,031-370-5671,031-370-5612,osani-h.goehs.kr,447130,경기도 오산시 청학동 청학로,5번길 20
경기도교육청,용문고등학교,일반고(종합고),상업·정보,사립,남녀공학,미입력,미입력,031-771-5257,031-773-3533,031-773-3534,070-7862-3421,031-771-1103,yongmun-h.goeyp.kr,476845,경기도 양평군 용문면 용문로,437 용문고등학교
경기도교육청,용인바이오고등학교,특성화고,농생명,공립,남녀공학,미제공,제공,031-8097-2601,031-8097-3540,031-8097-2605,031-8097-2570,031-8097-2618,yibio-h.goeyi.kr,449832,경기도 용인시 처인구 이동면 경기동로687번길,28-14
경기도교육청,의정부공업고등학교,특성화고,공업,공립,남녀공학,미입력,미입력,031-820-9601,031-820-9702,031-820-9605,031-820-9772,031-826-0054,ujbtech-h.goeujb.kr,11682,경기도 의정부시 가능로 57,의정부공업고등학교
경기도교육청,이천세무고등학교,특성화고,상업·정보,공립,남녀공학,미입력,미입력,031-641-6040,031-641-6039,031-641-6038,031-641-2950,031-641-5944,semu.goeic.kr,467881,경기 이천시 설성면 금당리,175번지
경기도교육청,이천제일고등학교,일반고(종합고),농생명,공립,남녀공학,미입력,미입력,031-644-7201,031-644-7212,031-633-3271,,031-633-3276,2000hs.goeic.kr,467050,경기도 이천시 안흥동 애련정로,26
경기도교육청,일동고등학교,일반고(종합고),상업·정보,공립,남녀공학,미입력,미입력,031-532-3816,031-532-3815,031-532-3811,031-532-3832,031-532-4815,ildong-h.goepc.kr,487851,경기도 포천시 일동면 화동로1079번길,28 일동종합고등학교
경기도교육청,일산고등학교,특성화고,공업,공립,남녀공학,미입력,미입력,031-910-1100,031-910-1130,031-910-1110,031-910-1157,031-975-2480,ilsanth-h.goegy.kr,411310,경기 고양시 일산서구 일산동,966-50
경기도교육청,일산국제컨벤션고등학교,특성화고,상업·정보,공립,남녀공학,미입력,미입력,031-929-0100,031-912-8033,031-912-8034,031-929-0141,031-912-8005,ilsan-h.goegy.kr,411848,경기도 고양시 일산서구 주엽동 고봉로,133 일산국제컨벤션고등학교
경기도교육청,일죽고등학교,특성화고,농생명,공립,남녀공학,미입력,미입력,031-8046-6210,031-8046-6250,031-8046-6200,031-8046-6244,031-674-7128,iljuk-h.goean.kr,17529,경기도 안성시 일죽면 서동대로 7446,일죽중·고등학교
경기도교육청,적성융합고등학교,특성화고,상업·정보,공립,남녀공학,미제공,제공,031-959-3736,031-959-4169,031-959-4034,031-959-4169,031-958-4140,jeokseong-h.goepj.kr,413913,경기도 파주시 적성면 솥뒤로33번길,적성융합고등학교
경기도교육청,전곡고등학교,일반고(종합고),공업,공립,남녀공학,미입력,미입력,031-832-2283,070-5056-4601,031-832-2089,070-5056-4648,070-8282-5186,jeongok-h.goeyc.kr,486902,경기도 연천군 전곡읍 은대리,506-1
경기도교육청,조종고등학교,일반고(종합고),상업·정보,공립,남녀공학,미입력,미입력,031-585-0382,031-585-0383,031-585-0382,031-589-7325,031-584-3769,jojong-h.goegp.kr,477834,경기도 가평군 하면 연등윗길,22 가평조종중고등학교
경기도교육청,죽산고등학교,일반고(종합고),상업·정보,공립,남녀공학,미입력,미입력,031-676-6014,070-4630-7851,070-4630-7801,070-4630-7865,031-6750674,juksan-mh.goean.kr,17519,경기도 안성시 죽산면 죽산향교길 52-9,죽산고등학교
경기도교육청,지평고등학교,일반고(종합고),가사·실업,공립,남녀공학,미입력,미입력,031-773-7841,031-773-2714,031-773-7842,070-7863-0469,031-771-1536,jp-h.goeyp.kr,12541,경기도 양평군 지평면 지평로 418,지평고등학교
경기도교육청,진위고등학교,일반고(종합고),상업·정보,사립,남녀공학,미입력,미입력,031-646-0200,031-646-0202,031-646-0152,031-646-0268,031-668-1308,jinwee-h.goept.kr/,17714,경기도 평택시 진위면 진위서로 47,진위고등학교
경기도교육청,창의경영고등학교,특성화고,상업·정보,공립,남녀공학,미입력,미입력,02-2081-4500,02-2081-4520,02-2081-4504,02-2081-4564,02-2081-4583,cem-h.goegm.kr,423823,경기도 광명시 소하동 기아로13번안길,9-9
경기도교육청,청담고등학교,특성화고,상업·정보,사립,남녀공학,미입력,미입력,031-691-7634,031-691-9100,031-691-8095,031-8029-5784,031-691-8096,cheongdam-h.goept.kr,17991,경기도 평택시 팽성읍 팽성송화로 192,청담고등학교
경기도교육청,청평고등학교,일반고(종합고),공업,공립,남녀공학,미입력,미입력,031-589-5505,031-589-5512,031-589-5501,031-589-5580,031-589-5507,cheongpyeong-h.goegp.kr,12454,경기도 가평군 청평면 강변나루로40번길 23,청평고등학교
경기도교육청,통진고등학교,일반고(종합고),상업·정보,사립,남녀공학,미입력,미입력,031-987-0124,031-987-0127,031-987-0124,070-7862-4164,031-992-0333,tongjin-h.gpoe.kr,10032,경기도 김포시 통진읍 김포대로 2165,통진고등학교
경기도교육청,파주여자고등학교,일반고(종합고),상업·정보,사립,여,미입력,미입력,031-944-1810,031-944-4688,031-943-2504,031-948-1539,031-944-4687,paju-h.goepj.kr,413813,경기도 파주시 월롱면 영태리,529
경기도교육청,평촌경영고등학교,특성화고,상업·정보,공립,남녀공학,미입력,미입력,,031-387-0271,031-387-0274,031-387-9204,031-387-0276,pcm-h.goeay.kr,431814,경기도 안양시 동안구 관양동 학의로,186(관양동) 평촌경영고등학교
경기도교육청,평촌과학기술고등학교,특성화고,공업,공립,남녀공학,미입력,미입력,031-390-4701,031-390-4710,031-390-4885,031-390-4860,031-390-4799,pcst-h.goeay.kr,14110,경기도 안양시 동안구 갈산로 16,13 평촌공업고등학교
경기도교육청,평택마이스터고등학교,마이스터고,공업,공립,남녀공학,미입력,미입력,031-659-1200,031-659-1213,031-659-1204,031-659-1239,031-659-3011,ptmt-h.goept.kr,17890,경기도 평택시 중앙1로 61,평택마이스터고등학교
경기도교육청,평택여자고등학교,일반고(종합고),상업·정보,공립,여,미입력,미입력,031-690-0700,031-690-0690,031-690-0600,031-690-0760,031-690-0789,pyeongtaek-gh-h.goept.kr,450815,경기도 평택시 세교동 영신로,220번지(세교동)
경기도교육청,포천일고등학교,일반고(종합고),농생명,공립,남녀공학,미입력,미입력,031-535-0691,031-535-0693,031-535-0692,031-535-6818,031-532-0698,pocheonil-h.goepc.kr,487878,경기도 포천시 군내면 청군로,3426
경기도교육청,하남경영고등학교,특성화고,상업·정보,공립,남녀공학,미입력,미입력,031-795-6307,031-795-6303~4,031-795-6306,070-7858-5560,031-796-0107,hanambiz-h.goegh.kr,12955,경기도 하남시 대청로116번길 11,(창우동)
경기도교육청,하성고등학교,일반고(종합고),상업·정보,공립,남녀공학,미입력,미입력,031-988-7261,031-988-7265,031-988-7261,031-988-7265,031-981-1766,www.gpoe.kr/haseong-h/main.do,415882,경기도 김포시 하성면 애기봉로806번길,30
경기도교육청,한국관광고등학교,특성화고,상업·정보,사립,남녀공학,미입력,미입력,,,,,,tourism.hs.kr,17789,경기도 평택시 고덕면 고덕북로 185,한국관광고등학교
경기도교육청,한국도예고등학교,특성화고,공업,공립,남녀공학,미입력,미입력,031-638-6841,031--638-6841,031-638-6841,031-638-6841,031-638-6842,doyego.goeic.kr,17307,경기도 이천시 신둔면 둔터로 61,"(신둔면, 한국도예고등학교)"
경기도교육청,한국디지털미디어고등학교,특성화고,상업·정보,사립,남녀공학,미입력,미입력,031-363-7802,031-363-7800,031-363-7874,031-363-7890,031-363-7809,www.dimigo.hs.kr,425840,경기 안산시 단원구 와동,산27-1
경기도교육청,한국문화영상고등학교,특성화고,상업·정보,사립,남녀공학,미입력,미입력,031-860-7304,031-860-7300,031-860-7334,031-860-7389,031-864-0852,kcm-h.goedy.kr/,11314,경기도 동두천시 평화로2452번길 32,한국문화영상고등학교
경기도교육청,한국애니메이션고등학교,특성화고,공업,공립,남녀공학,미입력,미입력,031-790-9011,031-790-9041,031-790-9000,031-790-9032~9034,031-791-0548,anigo-h.goegh.kr/anigo-h/main.do,13023,경기도 하남시 검단산로 223,한국애니메이션고등학교
경기도교육청,한국외식과학고등학교,특성화고,가사·실업,사립,남녀공학,미입력,미입력,031-863-6124,031-863-6126,031-863-6124,031-863-6126,031-863-8066,KFS-H.GOEDY.KR,482873,경기 양주시 남면 신산리,개나리18길 1  한국외식과학고등학교
경기도교육청,한국조리과학고등학교,특성화고,가사·실업,사립,남녀공학,미입력,미입력,02-2610-4601,02-2610-4694,02-2610-4600,02-2610-4614,02-2610-4680,www.kcas.hs.kr,14927,경기도 시흥시 금오로 640,한국조리과학고등학교
경기도교육청,한봄고등학교,특성화고,공업,사립,남녀공학,미입력,미입력,070-7860-7401,031-293-3090(내선번호:2),031-293-3090(내선번호:1),031-293-3090(내선번호:3),031-893-8734,hanbom-h.goesw.kr,441440,경기도 수원시 권선구 탑동 호매실로,46-93번지
경기도교육청,홍익디자인고등학교,특성화고,공업,사립,남녀공학,미입력,미입력,031-8055-3001,031-8055-3012,031-8055-3003,031-8055-3051,031-222-3900,https://hongik-h.goehs.kr/,18343,경기도 화성시 효행로 387,홍익디자인고등학교 (기안동)
강원특별자치도교육청,강릉문성고등학교,일반고(종합고),상업·정보,사립,남녀공학,미입력,미입력,033-650-9503,033-650-9513,033-650-9555,033-650-9549,033-650-9577,kms.gwe.hs.kr,210320,강원 강릉시 지변동,지변길 158
강원특별자치도교육청,강릉정보공업고등학교,특성화고,공업,공립,남녀공학,미입력,미입력,033-660-5500,033-660-5530,033-660-5590,033-660-5519,033-660-5526,git.gwe.hs.kr,25424,강원도 강릉시 주문진읍 학교길 26,강릉정보공업고등학교
강원특별자치도교육청,강릉중앙고등학교,특성화고,공업,공립,남녀공학,미입력,미입력,033-610-6700,033-610-6611,033-610-6602,033-610-6750,033-610-6759,gja.gwe.hs.kr,210937,강원도 강릉시 입암동 강변로,422
강원특별자치도교육청,강원생명과학고등학교,특성화고,농생명,공립,남녀공학,미입력,미입력,033-258-5801,033-258-5811,033-258-5807,033-258-5853,033-254-3599,gangwonbios.gwe.hs.kr,200140,강원도 춘천시 사농동 영서로,2872번지
강원특별자치도교육청,강원생활과학고등학교,특성화고,가사·실업,공립,남녀공학,미입력,미입력,033-439-3695,033-439-3641,033-439-3600,033-439-3654,033-432-3888,gangwonps.gwe.hs.kr,250875,강원 홍천군 남면 양덕원리,66번지
강원특별자치도교육청,강원애니고등학교,특성화고,공업,공립,남녀공학,미입력,미입력,033-248-5510,033-248-5512,033-248-5502,033-248-5540,033-248-5599,anischool.gwe.hs.kr/,24461,강원특별자치도 춘천시 서면 박사로 1025,강원애니고등학교
강원특별자치도교육청,거진고등학교,특성화고,공업,공립,남녀공학,미입력,미입력,033-680-1700,033-680-1710,033-680-1703,033-680-1780,033-682-1702,geojin.gwe.hs.kr,219900,강원 고성군 거진읍,432
강원특별자치도교육청,김화공업고등학교,특성화고,공업,공립,남녀공학,미입력,미입력,033-458-4221,033-458-4223,033-458-4224,033-458-3359,033-458-5633,gimhwatech.gwe.hs.kr,269842,강원도 철원군 서면 와수1로,72 김화중.공업고등학교
강원특별자치도교육청,도계전산정보고등학교,특성화고,상업·정보,공립,남녀공학,미입력,미입력,033-540-1002,033-540-1001,033-540-1000,033-540-1040,033-541-0096,dgs.gwe.hs.kr,245905,강원도 삼척시 도계읍 도계느티로,24
강원특별자치도교육청,동광산업과학고등학교,특성화고,공업,공립,남녀공학,미입력,미입력,033-630-3100,033-630-3110,033-630-3201,033-630-3155,033-631-1703,dongat.gwe.hs.kr,24754,강원특별자치도 고성군 토성면 백촌길 30-15,동광산업과학고등학교
강원특별자치도교육청,동해광희고등학교,일반고(종합고),상업·정보,사립,남녀공학,미입력,미입력,033-520-0700,033-520-0745,033-520-0701,033-520-0776,033-521-9911,dhkh.gwe.hs.kr,25806,강원도 동해시 청운로 112,동해광희고등학교
강원특별자치도교육청,동해상업고등학교,특성화고,상업·정보,공립,남녀공학,미입력,미입력,033-520-2601,033-520-2635,033-520-2603,033-520-2676,033-533-7242,donghae.gwe.hs.kr,25740,강원도 동해시 느릅재길 65,동해상업고등학교
강원특별자치도교육청,미래고등학교,특성화고,공업,공립,남녀공학,미입력,미입력,033-747-6161,033-747-6162,033-747-6163,033-747-6130,033-735-6165,mirae.gwe.hs.kr/,26455,강원도 원주시 고문골길 54,미래고등학교
강원특별자치도교육청,상지대관령고등학교,일반고(종합고),상업·정보,사립,남녀공학,미입력,미입력,033-335-5090,033-335-5091,033-335-5095,033-335-5091,033-335-5093,dhs.gwe.hs.kr,232956,강원도 평창군 대관령면 해당화3길,상지대관령고등학교
강원특별자치도교육청,석정여자고등학교,일반고(종합고),상업·정보,사립,여,미입력,미입력,033-370-4401,033-370-4405,033-370-4444,033-370-4424,033-370-4464,sjg.gwe.hs.kr,26239,강원특별자치도 영월군 영월읍 영월로 1914-11,석정여자고등학교
강원특별자치도교육청,설악고등학교,일반고(종합고),상업·정보,공립,남녀공학,미입력,미입력,033-630-0301,033-630-0330,033-630-0300,033-630-0362,033-630-0402,seolak.gwe.hs.kr,217811,강원 속초시 조양동,589-7번지
강원특별자치도교육청,양양고등학교,일반고(종합고),상업·정보,공립,남녀공학,제공,미제공,033-670-8601,033-670-8612,033-670-8600,033-670-8722,033-671-3582,yang.gwe.hs.kr,25029,강원도 양양군 양양읍 복개길 23-12,양양고등학교
강원특별자치도교육청,영서고등학교,특성화고,농생명,공립,남녀공학,미입력,미입력,033-769-5001,033-769-5020,033-769-5000,033-769-5180,033-769-5199,yeongseo.gwe.hs.kr,220933,강원도 원주시 관설동 치악로,1384번지
강원특별자치도교육청,원주금융회계고등학교,특성화고,상업·정보,공립,남녀공학,미입력,미입력,033-769-1701,033-769-1721,033-769-1700,033-769-1736,033-769-1706,wjfa.gwe.hs.kr,26498,강원도 원주시 부론면 부귀로 35,원주금융회계고등학교
강원특별자치도교육청,원주의료고등학교,마이스터고,공업,공립,남녀공학,미입력,미입력,033-730-8100,033-730-8110,033-730-8201,033-730-8181,033-730-8129,www.wonjumedi.com,26370,강원도 원주시 문막읍 원문로 1756,원주의료고등학교
강원특별자치도교육청,정선정보공업고등학교,특성화고,상업·정보,공립,남녀공학,미입력,미입력,033-560-9401,033-560-9424,033-560-9411,033-560-9455,033-563-9419,jsv.gwe.hs.kr,233807,강원도 정선군 정선읍 용담샛길,2
강원특별자치도교육청,주천고등학교,일반고(종합고),농생명,공립,남녀공학,미입력,미입력,033-370-6001,033-370-6041,033-370-6005,033-370-6062,033-370-6090,jucheon.gwe.hs.kr,230854,강원도 영월군 주천면 주천리,주천로 89번길 41
강원특별자치도교육청,춘천기계공업고등학교,특성화고,공업,공립,남,미입력,미입력,033-258-8500,033-258-8502,033-258-8600,033-258-8621,033-258-8693,ccm.gwe.hs.kr/main.do,24232,강원도 춘천시 후석로462번길 53,춘천기계공업고등학교
강원특별자치도교육청,춘천한샘고등학교,특성화고,공업,공립,남녀공학,미입력,미입력,033-248-8701,033-248-8720,033-248-8700,033-248-8760,033-244-9928,hansaem.gwe.hs.kr,24206,강원도 춘천시 신북읍 신샘밭로 363-12,춘천한샘고등학교
강원특별자치도교육청,한국소방마이스터고등학교,마이스터고,공업,공립,남녀공학,미입력,미입력,033-373-2763,033-373-2764,033-373-2765,033-834-8960,033-374-1233,fire-meister.gwe.hs.kr,230801,강원도 영월군 영월읍 영모전길,108
강원특별자치도교육청,한국에너지마이스터고등학교,마이스터고,공업,공립,남녀공학,미입력,미입력,033-570-1200,033-570-1246,033-570-1210,033-570-1280,033-570-1205,energy.gwe.hs.kr,25933,강원도 삼척시 근덕면 삼척로 3700,한국에너지마이스터고등학교
강원특별자치도교육청,한국항공고등학교,특성화고,공업,공립,남녀공학,제공,미제공,033-580-5900,033-580-5911,033-580-5810,033-580-5827,033-580-5825,kahs.gwe.hs.kr,235100,강원 태백시 장성동,평화길 8-24
강원특별자치도교육청,함백고등학교,일반고(종합고),상업·정보,공립,남녀공학,미입력,미입력,033-370-0102,033-370-0140,033-370-0190,033-370-0146,033-378-0065,hambaek.gwe.hs.kr,26141,강원도 정선군 신동읍 함백로 376,함백고등학교
강원특별자치도교육청,홍천농업고등학교,특성화고,농생명,공립,남녀공학,미입력,미입력,033-439-3501,033-439-3511,033-439-3582,033-439-3553,033-439-3510,hongnong.gwe.hs.kr,250802,강원 홍천군 홍천읍 결운리,311
강원특별자치도교육청,화천정보산업고등학교,특성화고,공업,공립,남녀공학,미입력,미입력,033-440-1600,033-440-1630,033-440-1610,033-440-1654,033-440-1699,hcinfo.gwe.hs.kr/,24121,강원도 화천군 화천읍 상승로 69,화천정보산업고등학교
강원특별자치도교육청,황지정보산업고등학교,특성화고,상업·정보,공립,남녀공학,미입력,미입력,033-550-6501,033-550-6520,033-550-6500,033-550-6552,033-550-6565,hwangji-iih.gwe.hs.kr,26017,강원도 태백시 문화로1길 1,황지정보산업고등학교
충청북도교육청,대성여자상업고등학교,특성화고,상업·정보,사립,여,미입력,미입력,043-255-5000,043-253-7422,043-253-7421,043-257-0610,043-223-0611,school.cbe.go.kr/cds-h/M01,28507,충청북도 청주시 상당구 대성로 220,"(수동, 대성여자상업고등학교)"
충청북도교육청,영동미래고등학교,특성화고,상업·정보,사립,남녀공학,미입력,미입력,043-742-3651,043-742-3653,043-743-3652,043-742-3653,043-743-5126,school.cbe.go.kr/ydmirae-h/M01,370803,충청북도 영동군 영동읍 대학로,10
충청북도교육청,영동산업과학고등학교,특성화고,공업,공립,남녀공학,제공,미제공,043-740-2502,043-740-2501,043-740-2500,043-740-2535,043-740-2549,school.cbe.go.kr/ydis-h,370807,충청북도 영동군 영동읍 학산영동로,1213호  영동산업과학고등학교
충청북도교육청,제천디지털전자고등학교,특성화고,공업,공립,남녀공학,미입력,미입력,043-647-4392,043-647-4391,043-647-4390,043-647-1716,043-647-9306,school.cbe.go.kr/jde-h,390872,충청북도 제천시 봉양읍 팔송로,84 제천디지털전자고등학교
충청북도교육청,제천산업고등학교,특성화고,공업,공립,남녀공학,미입력,미입력,043-646-9664,043-646-9661,043-646-9660,043-646-4194,043-648-9666,school.cbe.go.kr/jci-h,390200,충청북도 제천시 고명동 단양로10길,160
충청북도교육청,제천상업고등학교,특성화고,상업·정보,공립,남녀공학,미입력,미입력,043-640-6701,043-640-6705,043-640-6700,043-640-6741,043-648-4717,www.jcc.hs.kr,27178,충청북도 제천시 의병대로 243,제천상업고등학교
충청북도교육청,증평공업고등학교,특성화고,공업,공립,남녀공학,미입력,미입력,043-838-0331,043-838-8384,043-838-0339,043-835-0039,043-838-0341,school.cbe.go.kr/jptec-h,368904,충청북도 증평군 증평읍 광장로,180 증평공업고등학교
충청북도교육청,진천상업고등학교,특성화고,상업·정보,공립,남녀공학,미제공,미제공,043-533-3501,043-533-3503,043-533-3502,043-533-8834,043-532-5238,school.cbe.go.kr/jcch-h,365805,충청북도 진천군 진천읍 문화3길,25
충청북도교육청,청주IT과학고등학교,특성화고,상업·정보,사립,남녀공학,미입력,미입력,043-269-3231,043-269-3241,043-269-3231,043-269-3241,043-269-4037,school.cbe.go.kr/cjits-h,362823,충청북도 청주시 서원구 현도면 죽암도원로,34-13
충청북도교육청,청주공업고등학교,특성화고,공업,공립,남,미입력,미입력,043-229-5301,"043-229-5308,5420",043-229-5321,043-229-5381,043-253-0352,school.cbe.go.kr/ck-h,28546,충청북도 청주시 상당구 교서로 17,청주공업고등학교
충청북도교육청,청주농업고등학교,특성화고,농생명,공립,남녀공학,미입력,미입력,043-229-5601,043-229-5700,043-229-5600,043-229-5761,043-252-6674,school.cbe.go.kr/cjagh-h,363170,충청북도 청주시 청원구 내덕동 내덕로,45 청주농업고등학교
충청북도교육청,청주여자상업고등학교,특성화고,상업·정보,사립,여,미입력,미입력,043-288-7364,043-288-7362,043-288-7363,043-288-7366,043-288-7377,3croba.hs.kr,362807,충청북도 청주시 서원구 모충동 무심서로,377-1 청주여자상업고등학교
충청북도교육청,청주하이텍고등학교,특성화고,공업,공립,남녀공학,미입력,미입력,043-299-1700,043-299-1720,043-299-1706,043-299-1747,043-299-1707,cjh.hs.kr,28795,충청북도 청주시 서원구 1순환로1137번길 59,청주하이텍고등학교
충청북도교육청,충북공업고등학교,특성화고,공업,공립,남녀공학,미입력,미입력,043-230-5101,043-230-5100,043-230-5200,043-230-5117,043-230-5242,school.cbe.go.kr/cbt-h,28382,충청북도 청주시 흥덕구 서부로1205번길 52,충북공업고등학교
충청북도교육청,충북반도체고등학교,마이스터고,공업,공립,남녀공학,미입력,미입력,043-877-0368,043-878-0367,043-877-0366,043-878-8383,043-877-0369,www.cbsemi.hs.kr,369904,충청북도 음성군 금왕읍 무극로,393-1
충청북도교육청,충북비즈니스고등학교,특성화고,상업·정보,공립,남녀공학,미입력,미입력,043-836-4384,043-836-4385,043-836-4386,043-836-5682,043-836-1692,school.cbe.go.kr/cbbh-h,368910,충청북도 증평군 증평읍 중앙로,132 충북비즈니스고등학교
충청북도교육청,충북산업과학고등학교,특성화고,상업·정보,공립,남녀공학,미입력,미입력,043-733-2991,043-733-2992,043-733-2993,043-733-4587,043-733-4893,school.cbe.go.kr/cbis-h,373803,충청북도 옥천군 옥천읍 중앙로,144 관공서(충북산업과학고등학교)
충청북도교육청,충북상업정보고등학교,특성화고,상업·정보,공립,남녀공학,미입력,미입력,043-219-0301,043-219-0320,043-219-0305,043-219-0371,043-219-0398,school.cbe.go.kr/cbci-h/,360820,충청북도 청주시 상당구 율량동 율천북로,73
충청북도교육청,충북생명산업고등학교,특성화고,농생명,공립,남녀공학,미입력,미입력,043-543-1108,043-543-1106,043-543-1105,043-935-3330,043-542-8946,school.cbe.go.kr/cbb-h,376803,충청북도 보은군 보은읍 자영고길,10
충청북도교육청,충북에너지고등학교,마이스터고,공업,공립,남녀공학,미입력,미입력,043-290-7600,043-290-7601,043-290-7602,043-290-7640,043-297-1308,school.cbe.go.kr/cbenergy-h/M01,360874,충청북도 청주시 상당구 미원면 미원초정로,27
충청북도교육청,충주공업고등학교,특성화고,공업,공립,남녀공학,미입력,미입력,043-841-1401,043-841-1402,043-841-1411,043-841-1482,043-841-1405,cjth.hs.kr,380090,충청북도 충주시 용산동 형설로,120 충주공업고등학교
충청북도교육청,충주상업고등학교,특성화고,상업·정보,사립,남녀공학,미입력,미입력,043-844-3321,043-844-3322,043-844-3323,043-844-3385,043-844-2624,chungju-ch.hs.kr,380966,충청북도 충주시 호암동 방아길,20
충청북도교육청,한국바이오마이스터고등학교,마이스터고,농생명,공립,남녀공학,미입력,미입력,043-532-1345,043-532-1350,043-532-1346,070-4609-3223,043-532-5687,kbm.hs.kr,365803,충청북도 진천군 진천읍 남산4길,13 한국바이오마이스터고등학교
충청북도교육청,한국호텔관광고등학교,특성화고,가사·실업,공립,남녀공학,미입력,미입력,043-422-0668,043-422-0669,043-422-0670,043-422-7551,043-422-7552,www.hoteltourism.hs.kr/,395863,충청북도 단양군 단성면 북상하리길,69
충청북도교육청,한림디자인고등학교,특성화고,상업·정보,사립,여,미입력,미입력,043-841-2207,043-841-2212,043-841-2206,043-841-2261,043-841-2299,had.hs.kr,380950,충청북도 충주시 교현동 야현1길,(교현1동 490번지)
충청남도교육청,강경상업고등학교,특성화고,상업·정보,공립,남녀공학,미입력,미입력,041-745-2312,041-745-2314,041-745-2313,041-745-8744,041-745-2513,gangsang.cnehs.kr,32938,충청남도 논산시 강경읍 계백로 220,강경상업고등학교
충청남도교육청,공주마이스터고등학교,마이스터고,공업,공립,남녀공학,미입력,미입력,041-841-2703,041-841-2702,041-841-2701,041-841-1445,041-841-2705,gong.cnehs.kr,314892,충남 공주시 유구읍 백교리,133
충청남도교육청,공주생명과학고등학교,특성화고,농생명,공립,남녀공학,미입력,미입력,041-858-3502,041-858-3503,041-858-3500,041-960-9049,041-858-3513,gongju-agr.cnehs.kr,314803,충청남도 공주시 신관동 금벽로,317번지
충청남도교육청,공주정보고등학교,특성화고,상업·정보,사립,남녀공학,미입력,미입력,041-856-1671,041-960-0111,041-856-1674,041-856-1673,041-960-0114,kjis.cnehs.kr,32589,충청남도 공주시 마근동길 29,공주정보고등학교
충청남도교육청,국방항공고등학교,특성화고,공업,공립,남녀공학,미입력,미입력,041-736-1631,041-736-1633,041-736-1634,041-736-1635,041-736-1638,ndav.cnehs.kr,32954,충청남도 논산시 시민로 365,지번 취암동 536-1
충청남도교육청,금산산업고등학교,특성화고,농생명,공립,남녀공학,미입력,미입력,041-753-5103,041-753-5102,041-753-5101,070-4364-5537,041-753-5106,kumsan-ih.cnehs.kr,312805,충청남도 금산군 금산읍 진악로,1003
충청남도교육청,금산하이텍고등학교,특성화고,공업,공립,남녀공학,미입력,미입력,041-752-4377,041-752-4375,041-752-4376,041-752-6497,041-752-6466,ksh.cnehs.kr,312930,충청남도 금산군 진산면,대둔산로 412
충청남도교육청,논산여자상업고등학교,특성화고,상업·정보,사립,여,미입력,미입력,,041-732-2922,041-732-2923,041-734-6668,041-734-6667,nonsan-gch.cnehs.kr,320010,충남 논산시 강산동,53번지
충청남도교육청,당진정보고등학교,특성화고,상업·정보,공립,남녀공학,미입력,미입력,041-351-9000,041-351-9010,041-351-9002,041-351-9008,041-351-9055,dangjin-ih.cnehs.kr,31784,충청남도 당진시 운학길 5,당진정보고등학교
충청남도교육청,대천여자상업고등학교,특성화고,상업·정보,공립,여,미입력,미입력,041-931-6850,041-931-6856,041-931-6852,041-931-6862,041-931-6861,dcg.cnehs.kr,33492,충청남도 보령시 여상길 60,대천여상
충청남도교육청,병천고등학교,특성화고,가사·실업,공립,남녀공학,미입력,미입력,041-561-9675,041-561-9672,041-561-1971,070-7860-2922,041-522-8980,www.bchs.caehs.kr,330863,충남 천안시 동남구 병천면 탑원리,병천고등학교
충청남도교육청,부여전자고등학교,특성화고,공업,공립,남녀공학,미입력,미입력,041-833-2082,041-833-2081,041-833-2080,041-834-9616,041-834-2059,garim.cnehs.kr,323923,충남 부여군 임천면 만사리,199
충청남도교육청,부여정보고등학교,특성화고,상업·정보,공립,남녀공학,미제공,미입력,041-835-7988,041-835-7989,041-835-7987,041-836-3044,041-835-7985,bishs.cnehs.kr,323811,충청남도 부여군 규암면 충절로2316번길,24
충청남도교육청,삽교고등학교,일반고(종합고),상업·정보,사립,남녀공학,미입력,미입력,041-337-2891,041-337-2893,041-337-2892,041-338-2816,041-338-0020,sapgyo.cnehs.kr,340902,충청남도 예산군 삽교읍 삽교로,161
충청남도교육청,서산공업고등학교,특성화고,공업,공립,남녀공학,미입력,미입력,041-689-6800,041-689-6810,041-689-6801,041-689-6840,041-663-7917,seosan-tech.cnehs.kr,31945,충청남도 서산시 운산면 운암로 1072-12,서산공업고등학교
충청남도교육청,서산중앙고등학교,일반고(종합고),농생명,공립,남녀공학,미입력,미입력,041-665-2058,041-665-7400,041-665-2059,041-666-0728,041-664-4335,sjh.cnehs.kr,356800,충청남도 서산시 동문동 벌말1길,23 서산중앙고등학교
충청남도교육청,서천여자정보고등학교,특성화고,상업·정보,사립,여,미입력,미입력,041-953-3504,041-953-3501,041-953-0974,041-953-0973,041-953-3503,sochon-i.cnehs.kr,33636,충청남도 서천군 서천읍 화금서길 45,화금서길 45
충청남도교육청,성환고등학교,특성화고,가사·실업,공립,남녀공학,미입력,미입력,041-588-2000,041-588-2001,041-588-2009,041-588-2006,041-588-3999,shhs.caehs.kr,331807,충남 천안시 서북구 성환읍 송덕리,55 성환고등학교
충청남도교육청,아산스마트팩토리마이스터고등학교,마이스터고,공업,공립,남녀공학,미입력,미입력,041-422-4210,041-422-4212,041-422-4201,041-422-4265,041-531-0572,smart.cnehs.kr/,336872,충청남도 아산시 둔포면 둔포중앙로,133번길42
충청남도교육청,연무마이스터고등학교,마이스터고,공업,공립,남,미입력,미입력,041-742-7301,041-742-7302,041-742-7303,070-7858-0939,041-742-7304,yeonmutech.cnehs.kr,320834,충청남도 논산시 연무읍 연무로,268-9
충청남도교육청,예산예화여자고등학교,특성화고,상업·정보,사립,여,미입력,미입력,041-335-2497,041-335-2496,041-335-2495,041-331-0435,041-332-9069,yehwa.cnehs.kr,32435,충청남도 예산군 예산읍 예산로 117,예산예화여자고등학교
충청남도교육청,장항공업고등학교,특성화고,공업,공립,남녀공학,미입력,미입력,041-955-5601,041-955-5620,041-955-5600,041-955-5632,041-956-7639,cnjs.cnehs.kr,325908,충청남도 서천군 장항읍 신창서로,77
충청남도교육청,주산산업고등학교,특성화고,농생명,공립,남녀공학,미입력,미입력,041-928-8000,041-928-8200,041-928-8190,041-928-8131,041-932-0833,jusan.cnehs.kr,355861,충남 보령시 주산면 금암리,506
충청남도교육청,천안공업고등학교,특성화고,공업,공립,남녀공학,미입력,미입력,041-558-9800,041-558-9801,041-558-9803,041-558-9802,041-556-9825,ct.caehs.kr,31123,충청남도 천안시 동남구 성황5길 17,(성황동)
충청남도교육청,천안상업고등학교,특성화고,상업·정보,사립,남녀공학,미입력,미입력,041-551-6513,041-413-6504,041-413-6585,041-413-6522,041-551-3679,sanggo.caehs.kr,31081,충청남도 천안시 서북구 상고1길 43-9,천안상업고등학교(신당동)
충청남도교육청,천안여자상업고등학교,특성화고,상업·정보,사립,여,미입력,미입력,041-574-9311,041-576-6363-3,041-574-9312,041-574-9374,041-574-9267,cays.caehs.kr,330930,충청남도 천안시 동남구 봉명동 천안여상로,44 천안여자상업고등학교
충청남도교육청,천안제일고등학교,특성화고,농생명,공립,남녀공학,미입력,미입력,041-551-3058,041-902-6903,041-902-7022,041-902-6937,041-902-7046,cj.caehs.kr,330070,충남 천안시 동남구 원성동,버들로 71
충청남도교육청,청양고등학교,일반고(종합고),농생명,공립,남녀공학,미입력,미입력,041-456-7891,041-456-7892,041-456-7893,070-4295-4834,041-943-1475,chy.cnehs.kr/main.do,33339,충청남도 청양군 청양읍 문화예술로 149,청양고등학교
충청남도교육청,충남드론항공고등학교,특성화고,상업·정보,공립,남녀공학,미입력,미입력,041-641-0603,041-641-0602,041-641-0601,041-641-5894,041-641-1883,gcji.cnehs.kr,350902,충청남도 홍성군 광천읍 홍남로,695 충남드론항공고등학교
충청남도교육청,충남반도체마이스터고등학교,마이스터고,공업,공립,남녀공학,미입력,미입력,041-404-0062,041-404-0063,041-404-0061,041-404-0032,041-334-0411,yes.cnehs.kr,340802,충남 예산군 예산읍 관작리,315
충청남도교육청,충남인터넷고등학교,특성화고,상업·정보,공립,남녀공학,미입력,미입력,041-736-6545,041-736-6542,041-736-6541,041-736-6543,041-736-6547,cihs.cnehs.kr,320872,충청남도 논산시 연산면 한전리,계백로 1958-16
충청남도교육청,충남해양과학고등학교,특성화고,수산·해운,공립,남녀공학,미입력,미입력,041-931-3470,041-931-3472,041-931-3471,041-931-3472,041-931-3481,marine.cnehs.kr,33489,충청남도 보령시 대천항로 212,충남해양과학고등학교
충청남도교육청,태안여자고등학교,일반고(종합고),상업·정보,사립,여,제공,제공,041-670-7701,041-670-7720,041-670-7700,041-670-7726,05040632538,tg.cnehs.kr,32142,충청남도 태안군 태안읍 원이로 7-1,태안여고
충청남도교육청,한국 K-POP고등학교,특성화고,가사·실업,사립,남녀공학,미입력,미입력,041-641-6432,041-641-6433,041-641-6434,041-641-6433,041-641-6430,k-pophs.cnehs.kr,32291,충청남도 홍성군 광천읍 광천로373번길 14,한국 K-POP고등학교
충청남도교육청,한국식품마이스터고등학교,마이스터고,농생명,공립,남녀공학,미입력,미입력,041-836-1051,041-836-1052,041-836-1055,041-836-1059,041-836-1054,cff.cnehs.kr,323841,충청남도 부여군 홍산면 홍산로,112~23
충청남도교육청,한올고등학교,일반고(종합고),상업·정보,사립,여,미입력,미입력,041-544-7755,041-544-8163,041-544-8161,041-541-8162,041-544-8170,hanol.cnehs.kr,31519,충청남도 아산시 청운로 158,한올고등학교
충청남도교육청,합덕제철고등학교,마이스터고,공업,공립,남,미입력,미입력,041-362-4396,041-362-2793,041-362-2792,041-362-2798,041-363-2796,steel.cnehs.kr,343903,충남 당진시 합덕읍 소소리,면천로 1601
충청남도교육청,홍성공업고등학교,특성화고,공업,공립,남녀공학,미입력,미입력,041-642-8219,041-642-8217,041-642-8218,041-642-0961,041-642-1964,hstec.cnehs.kr,32212,충청남도 홍성군 결성면 구성남로 55,홍성공업고등학교
전북특별자치도교육청,강호항공고등학교,특성화고,공업,사립,남녀공학,미입력,미입력,063-560-5050,063-560-5003,063-560-5001,063-560-5046,063-560-5060,kangho.hs.kr,585802,전라북도 고창군 고창읍 중거리당산로,78-22 강호항공고등학교(고창읍)
전북특별자치도교육청,군산기계공업고등학교,마이스터고,공업,공립,남,미입력,미입력,063-730-5501,063-730-5500,063-730-5630,063-730-5553,063-465-6260,www.gunsan-mh.hs.kr,54112,전라북도 군산시 군중길 28,군산기계공업고등학교
전북특별자치도교육청,군산여자상업고등학교,특성화고,상업·정보,공립,여,미입력,미입력,063-468-6920,063-468-6502,063-468-6507,063-460-0343,063-468-6525,gunsan-gch.hs.kr,54103,전라북도 군산시 신지길 42-8,(지곡동 518)
전북특별자치도교육청,글로벌학산고등학교,특성화고,가사·실업,사립,여,미입력,미입력,063-570-1510,"063-570-1500,1512","063-570-1501,1504",063-570-1538,063-570-1539,www.h-s.hs.kr,56192,전라북도 정읍시 학산로 89,(상동)
전북특별자치도교육청,김제농생명마이스터고등학교,마이스터고,농생명,공립,남녀공학,미입력,미입력,063-546-5312,063-546-5313,0563-546-5311,063-546-5316,063-546-5377,gmhsas.hs.kr,576804,전라북도 김제시 신풍동 남북9길,23
전북특별자치도교육청,남원용성고등학교,특성화고,농생명,공립,남녀공학,제공,미제공,063-631-1342,063-630-3511,063-631-1341,063-630-3586,063-625-8213,yongsung.hs.kr,590190,전북 남원시 도통동,농고길 41
전북특별자치도교육청,남원제일고등학교,특성화고,상업·정보,사립,남녀공학,미입력,미입력,063-630-9001,063-630-9002,063-630-9003,063-630-9082,063-630-9010,www.nfirst.hs.kr,590090,전라북도 남원시 노암동 노송로,1206
전북특별자치도교육청,덕암정보고등학교,특성화고,상업·정보,사립,남녀공학,미입력,미입력,063-546-2225,"063-544-2206,2208",063-544-2205,070-4919-5332,063-544-8277,deogam.hs.kr,54364,전라북도 김제시 하공로 9,덕암정보고등학교
전북특별자치도교육청,수소에너지고등학교,특성화고,공업,공립,남녀공학,미입력,미입력,063-291-4910,063-291-4911,063-291-2874,063-291-4974,063-291-4915,school.jbedu.kr/jbhitec,565805,전라북도 완주군 삼례읍 삼례역로,41-1
전북특별자치도교육청,완산여자고등학교,특성화고,상업·정보,사립,여,미입력,미입력,063-227-4451,063-227-4452,063-227-4459,063-227-4455,063-227-4457,wansan.hs.kr,55121,전라북도 전주시 완산구 덕적골1길 60,(평화동1가)
전북특별자치도교육청,원광보건고등학교,특성화고,상업·정보,사립,여,제공,미제공,063-850-0001,063-850-0007,063-850-0078,063-850-0050,063-841-6948,https://school.jbedu.kr/wkh,570968,전북 익산시 모현동1가,520번지 원광보건고등학교
전북특별자치도교육청,이리공업고등학교,특성화고,공업,공립,남녀공학,미입력,미입력,063-858-4151,063-858-3712,063-858-3711,063-722-3087,063-858-4154,jb-it.hs.kr,570956,전북 익산시 남중동,2가 379-2번지
전북특별자치도교육청,전북기계공업고등학교,마이스터고,공업,국립,남녀공학,미입력,미입력,063-720-5333,063-720-5313~4,063-720-5340,063-720-5327,063-720-5324,school.jbedu.kr/cmt,54622,전라북도 익산시 인북로32길 41,(전북기계공업고등학교)
전북특별자치도교육청,전북베이커리고등학교,특성화고,농생명,공립,남녀공학,미입력,미입력,063-583-6655,063-583-7337,063-583-2844,070-4710-7051,063-901-1133,school.jbedu.kr,56310,전라북도 부안군 행안면 춘헌길 1,전북베이커리 고등학교
전북특별자치도교육청,전북유니텍고등학교,특성화고,공업,공립,남녀공학,제공,미제공,063-351-1516,063-351-1518,063-351-1517,063-351-2448,063-353-1591,school.jbedu.kr/unitech,55612,전북특별자치도 장수군 장계면 장계7길 3,전문교과부
전북특별자치도교육청,전북인공지능고등학교,특성화고,농생명,사립,남녀공학,미입력,미입력,063-564-0078,063-562-9703,063-562-9705,063-562-9703,063-563-4440,school.jbedu.kr/jbaihs,585881,전북 고창군 무장면 무장리,왕제산로 713
전북특별자치도교육청,전북펫고등학교,특성화고,농생명,공립,남녀공학,미입력,미입력,063-642-7200,063-642-5081,063-642-5080,063-642-1334,063-642-1806,school.jbedu.kr/jbp-h,566895,전북 임실군 오수면 오수리,충효로 2099-23
전북특별자치도교육청,전주공업고등학교,특성화고,공업,공립,남녀공학,미입력,미입력,063-210-9301,063-210-9330,063-210-9317,063-210-9390,063-210-9397,jt.hs.kr,561330,전라북도 전주시 덕진구 여의동 여산로,101 전주공업고등학교
전북특별자치도교육청,전주상업정보고등학교,특성화고,상업·정보,공립,남녀공학,미입력,미입력,063-220-6403,063-220-6401,063-220-6400,063-220-6482,063-220-6406,jgch.hs.kr,55049,전라북도 전주시 완산구 따박골2길 21,(중화산동2가)
전북특별자치도교육청,전주생명과학고등학교,특성화고,농생명,공립,남녀공학,미입력,미입력,063-240-1701,063-240-1712,063-240-1705,063)240-1797,070-7505-5973,jls.hs.kr,561853,전라북도 전주시 덕진구 인후동2가 안덕원로,전주생명과학고등학교
전북특별자치도교육청,정읍제일고등학교,특성화고,농생명,공립,남녀공학,제공,미제공,063-530-1700,063-530-1702,063-530-1753,063-530-1737,063-535-4103,school.jbedu.kr/jjh,580803,전라북도 정읍시 수성동 충정로,252번지
전북특별자치도교육청,줄포자동차공업고등학교,특성화고,공업,공립,남,미입력,미입력,063-584-9405,063-584-9407,063-584-9406,070-4473-4822,063-584-9409,school.jbedu.kr/jpm,579883,전라북도 부안군 줄포면 우포로,10 줄포자동차공고
전북특별자치도교육청,진경여자고등학교,특성화고,가사·실업,사립,여,미입력,미입력,063-856-6033,063-856-6032,063-856-6034,070-4267-3096,063-856-7056,school.jbedu.kr/jingyeong,570814,전라북도 익산시 황등면 황등서로,40-92
전북특별자치도교육청,칠보고등학교,특성화고,공업,공립,남녀공학,미입력,미입력,063-531-1580,063-531-1581,063-531-1584,063-531-1581,063-531-1585,chilbo.hs.kr,56128,전라북도 정읍시 칠보면 건흥길 26-5,칠보고등학교
전북특별자치도교육청,한국게임과학고등학교,특성화고,공업,사립,남녀공학,미입력,미입력,063-262-0700,063-261-0700,063-263-0700,063-261-0700,063-263-0701,school.jbedu.kr/game,55300,전북특별자치도 완주군 운주면 대둔산로 1336,한국게임과학고등학교
전북특별자치도교육청,한국경마축산고등학교,마이스터고,농생명,공립,남녀공학,미입력,미입력,063-634-2030,063-634-2031,063-634-2032,063-634-2031,063-634-2033,school.jbedu.kr/horseman,590831,전북 남원시 운봉읍 준향리,산 53-1
전북특별자치도교육청,한국기술부사관고등학교,특성화고,공업,공립,남녀공학,미입력,미입력,063-433-3231,063-433-2606,063-433-3232,063-433-3821,063-433-5704,jinan.hs.kr,567805,전라북도 진안군 진안읍 상역로,96번지
전북특별자치도교육청,한국전통문화고등학교,일반고(종합고),가사·실업,공립,남녀공학,미입력,미입력,063-711-7700,063-711-7704,063-711-7712,063-711-7724,063-222-8349,khch.hs.kr,55142,전라북도 전주시 완산구 중인1길 68-13,한국전통문화고등학교
전북특별자치도교육청,한국치즈과학고등학교,특성화고,농생명,공립,남녀공학,미입력,미입력,063-643-6735,063-643-1308,063-643-1004,07051382753,063-643-6467,school.jbedu.kr/kcs,566862,전북 임실군 강진면 갈담리,갈담 3길 48
전북특별자치도교육청,한국한방고등학교,특성화고,농생명,사립,남녀공학,미입력,미입력,063-433-8118,063-433-9911,063-433-9900,,063-433-7676,www.khb.hs.kr,567807,전북 진안군 진안읍 연장리,998번지
전북특별자치도교육청,함열여자고등학교,일반고(종합고),가사·실업,사립,여,미입력,미입력,063-861-1077,063-861-1078,063-861-1080,063-6-861-1078,063-862-1075,hygchs.hs.kr,570801,전북 익산시 함열읍 남당리,586
전라남도교육청,고흥도화고등학교,특성화고,공업,공립,남녀공학,미입력,미입력,061-830-9102,061-830-9101,061-830-9100,061-830-9150,061-835-7833,ghdohwa.hs.jne.kr/,59529,전라남도 고흥군 도화면 도화로 476,교무실
전라남도교육청,고흥산업과학고등학교,특성화고,상업·정보,공립,남녀공학,미입력,미입력,061-830-3001,061-830-3000,061-830-3040,061-830-3015,061-830-3032,goheungv.hs.jne.kr,548804,전라남도 고흥군 고흥읍 고흥로,1637-13
전라남도교육청,광양하이텍고등학교,특성화고,농생명,공립,남녀공학,미입력,미입력,061-760-3000,061-760-3020,061-760-3010,061-760-3065,061-762-5820,gwang-yangsilgo.hs.jne.kr,545804,전라남도 광양시 광양읍 신재로,106
전라남도교육청,구림공업고등학교,특성화고,공업,공립,남녀공학,미입력,미입력,061-471-6310,061-471-6313~5,061-471-6312,061-471-6313,061-471-0259,gurim-tech.hs.jne.kr,58434,전라남도 영암군 군서면 왕인로 453,구림공업고등학교
전라남도교육청,나주공업고등학교,특성화고,공업,사립,남녀공학,미입력,미입력,061-332-3913,061-332-3914,061-332-3911,061-332-3910,061-332-3933,naju-tech.hs.jne.kr,520180,전라남도 나주시 대호동 건재로,43
전라남도교육청,나주상업고등학교,특성화고,상업·정보,공립,남녀공학,미입력,미입력,061-334-4601,061-334-4603,061-334-4602,061-331-3754,061-334-1891,njc.hs.jne.kr,520150,전라남도 나주시 청동 함박산길,23-4
전라남도교육청,다향고등학교,특성화고,농생명,공립,남녀공학,미입력,미입력,061-853-9243,061-853-2396,061-852-2395,061-852-2397,061-853-1905,dahyangv.hs.jne.kr,59460,전라남도 보성군 보성읍 녹차로 1364,.
전라남도교육청,담양공업고등학교,특성화고,공업,공립,남녀공학,제공,미입력,061-380-5801,061-380-5800,061-380-5870,061-380-5831,061-381-3193,damyang-t.hs.jne.kr,57363,전라남도 담양군 담양읍 죽향대로 1072,담양공업고등학교
전라남도교육청,목포공업고등학교,특성화고,공업,공립,남녀공학,미입력,미입력,061-800-7101,061-800-7100,061-800-7200,061-800-7135,061-800-7199,mokpo-mt.hs.jne.kr,530833,전라남도 목포시 용당동 용당로,100
전라남도교육청,목포성신고등학교,특성화고,상업·정보,사립,남녀공학,미입력,미입력,061-272-9556,061-272-9551,061-272-9552,061-277-4795,061-279-9417,mpss.hs.jne.kr,530823,전라남도 목포시 상동 상동로,87-1
전라남도교육청,목포여자상업고등학교,특성화고,상업·정보,사립,여,미입력,미입력,061-280-1501,061-280-1508,061-280-1500,061-280-1541,061-280-1544,mpgch.hs.jne.kr,530806,전라남도 목포시 산정동 영산로,413-1
전라남도교육청,목포중앙고등학교,특성화고,공업,사립,남녀공학,미입력,미입력,061-281-1474,061-281-1475,061-281-1477,070-4648-182,061-282-6253,mokpojoongang.hs.jne.kr/mokpojoongang_hs,58604,전라남도 목포시 지적로 36,목포중앙고등학교
전라남도교육청,벌교상업고등학교,특성화고,상업·정보,공립,남녀공학,제공,미입력,061-859-7631,061-859-7632,061-859-7633,061-859-7662,061-859-7699,beolgyoc.hs.jne.kr,59423,전라남도 보성군 벌교읍 홍암로 61,교무실
전라남도교육청,법성고등학교,특성화고,상업·정보,공립,남녀공학,제공,미제공,061-357-5600,061-357-5602,061-357-5640,061-357-5623,061-356-5125,bubsung.hs.jne.kr,513871,전라남도 영광군 법성면 용덕로,66
전라남도교육청,병영상업고등학교,특성화고,상업·정보,공립,남녀공학,미입력,미입력,061-432-1033,061-432-1146,061-432-1006,061-432-1146,061-433-4253,joyschool.hs.jne.kr,527832,전라남도 강진군 병영면 하멜로,372
전라남도교육청,삼계부사관고등학교,특성화고,상업·정보,공립,남녀공학,미입력,미입력,061-394-1705,061-394-1704,061-394-4442,061-394-1704,061-394-7052,samgye.hs.jne.kr,57238,전라남도 장성군 삼계면 사창로 47,47
전라남도교육청,송지고등학교,일반고(종합고),상업·정보,공립,남녀공학,미입력,미입력,061-534-1072,061-533-2295,061-533-2294,061-533-2295,061-535-2293,songji.hs.jne.kr,536923,전라남도 해남군 송지면 미야길,158-16
전라남도교육청,순천공업고등학교,특성화고,공업,공립,남,미입력,미입력,061-721-5982,061-721-5972,061-721-7585,061-729-0731,061-721-7277,sungong.hs.jne.kr,57950,전라남도 순천시 유동길 50,순천공업고등학교
전라남도교육청,순천미래과학고등학교,특성화고,공업,공립,남녀공학,미입력,미입력,061-750-2600,061-750-2513,061-750-2500,061-750-2582,061-752-7312,scfuture.hs.jne.kr,540813,전라남도 순천시 서면 순천로,86
전라남도교육청,순천청암고등학교,특성화고,상업·정보,사립,여,미입력,미입력,061-740-6701,061-740-6700,061-740-6767,061-740-6761,061-743-0030,sca.hs.jne.kr,57997,전라남도 순천시 녹색로 1641-1,순천청암고등학교
전라남도교육청,순천효산고등학교,특성화고,상업·정보,사립,남녀공학,제공,제공,061-750-9502,061-750-9520,061-750-9500,061-750-9575,061-751-4115,hyosan.hs.jne.kr,540957,전라남도 순천시 용당동 삼산로,104
전라남도교육청,신안해양과학고등학교,특성화고,수산·해운,공립,남녀공학,미입력,미입력,061-271-4171,061-271-4161,061-271-4151,061-271-7672,061-271-8199,shinanmarine.hs.jne.kr,535815,전라남도 신안군 압해읍 구항길,41
전라남도교육청,안좌고등학교,일반고(종합고),상업·정보,공립,남녀공학,미입력,미입력,061-262-7075,061-262-7076,061-262-7014,061-262-7076,061-262-7814,anjwa.hs.jne.kr,535843,전라남도 신안군 안좌면 중부로,790-7
전라남도교육청,여수공업고등학교,특성화고,공업,사립,남녀공학,미입력,미입력,061-660-2501,061-660-2504~5,061-660-2507,061-660-2533,061-662-2566,yeosu-th.hs.jne.kr,550815,전라남도 여수시 동산동 군자길,75
전라남도교육청,여수석유화학고등학교,마이스터고,공업,공립,남녀공학,미입력,미입력,061-688-0700,061-688-0710,061-688-0720,061-688-0765,061-688-0709,yspetchem.hs.jne.kr,555110,전라남도 여수시 화장동 대통1길,45
전라남도교육청,여수정보과학고등학교,특성화고,상업·정보,사립,남녀공학,미입력,미입력,061-650-6237,061-650-6222,061-650-6211,061-650-6296,061-651-0786,yosuis.hs.jne.kr,550817,전라남도 여수시 문수동 여문2로,148
전라남도교육청,여수해양과학고등학교,특성화고,수산·해운,공립,남녀공학,미입력,미입력,061-644-0209,061-644-0208,061-644-0207,061-640-0871,061-644-1794,ym-s.hs.jne.kr,556901,전라남도 여수시 돌산읍 돌산로,1201-18
전라남도교육청,영광공업고등학교,특성화고,공업,공립,남녀공학,미입력,미입력,061-872-0001,061-872-0055,061-872-0010,061-872-0051 ~ 0053,061-872-0070,yeongkwang.hs.jne.kr,57036,전라남도 영광군 영광읍 월현로 34,전라남도 영광군 영광읍 월현로 34
전라남도교육청,영광전자고등학교,특성화고,공업,공립,남녀공학,미입력,미입력,061-353-1767,061-352-9662,061-352-9661,061-352-9662,061-353-9799,ykelec.hs.jne.kr,57066,전라남도 영광군 염산면 칠산로 98-27,영광전자고등학교
전라남도교육청,완도수산고등학교,마이스터고,수산·해운,공립,남녀공학,미입력,미입력,061-550-0700,061-552-3372,061-552-2393,061-550-0770,061-553-3157,wandosugo.hs.jne.kr,537801,전라남도 완도군 완도읍 장보고대로,141
전라남도교육청,장성하이텍고등학교,특성화고,농생명,공립,남녀공학,미입력,미입력,061-399-5610,061-399-5600,061-399-5620,061-399-5632,061-392-5914,jangseongv.hs.jne.kr,515805,전라남도 장성군 장성읍 단풍로,72
전라남도교육청,전남기술과학고등학교,특성화고,공업,공립,남녀공학,미입력,미입력,061-370-7508,061-370-7500,061-370-7501,061-370-7533,061-374-7580,jts.hs.jne.kr,519950,전라남도 화순군 화순읍 실고길,44
전라남도교육청,전남미래자동차고등학교,특성화고,공업,공립,남녀공학,미입력,미입력,061-863-3540,061-863-2991,061-863-2993,070-4287-4545,061-863-8452,jeongnamjin.hs.jne.kr,529803,전라남도 장흥군 장흥읍 행원강변길,8 전남미래자동차고등학교
전라남도교육청,전남미용고등학교,특성화고,가사·실업,공립,남녀공학,제공,미제공,061-332-1183,061-332-1182,061-332-1181,061-338-8980,061-333-4999,jn-beauty.hs.jne.kr,520240,전라남도 나주시 영산동 영산포로,182-9
전라남도교육청,전남보건고등학교,특성화고,가사·실업,공립,남녀공학,미입력,미입력,061-323-1177,061-323-8363,061-323-8368,061-323-8363,061-323-7484,jnmds.hs.jne.kr,525884,전라남도 함평군 월야면 문화로,685-18
전라남도교육청,전남생명과학고등학교,마이스터고,농생명,공립,남녀공학,미입력,미입력,061-430-6201,061-430-6200,061-430-6294,061-430-6258,061-434-4218,jn-life.hs.jne.kr,59222,전라남도 강진군 강진읍 교촌길 23,-
전라남도교육청,전남에너지고등학교,특성화고,공업,공립,남녀공학,미입력,미입력,061-472-9163,061-472-9159,061-472-9158,061-472-9159,061-472-7183,shinbuket.hs.jne.kr,526813,전라남도 영암군 신북면 황금동로,16-13
전라남도교육청,전남자연과학고등학교,특성화고,농생명,공립,남녀공학,미입력,미입력,061-782-2689,061-782-2691,061-782-2690,061-782-9147,061-782-4563,jns.hs.jne.kr,542805,전라남도 구례군 구례읍 구례로,409
전라남도교육청,전남조리과학고등학교,특성화고,가사·실업,공립,남녀공학,제공,미제공,061-360-2201,061-360-2220,061-360-2210,061-360-2240,061-363-0743,gokseong.hs.jne.kr,516801,전라남도 곡성군 곡성읍 학교로,71
전라남도교육청,진도실업고등학교,특성화고,상업·정보,공립,남녀공학,미입력,미입력,061-544-2168,061-544-2340,061-544-2026,061-544-2088,061-544-4456,jindosilgo.hs.jne.kr,539801,전라남도 진도군 진도읍 교동3길,10
전라남도교육청,진성여자고등학교,특성화고,상업·정보,사립,여,미입력,미입력,061-640-2101,061-640-2103,061-640-2154,061-640-2114,061-641-6896,jsg.hs.jne.kr,550160,전라남도 여수시 봉강동 봉강서4길,3
전라남도교육청,한국말산업고등학교,특성화고,농생명,공립,남녀공학,제공,미제공,061-860-8001,061-860-8022,061-860-8012,061-860-8031,061-867-2598,korhorse.hs.jne.kr,529902,전라남도 장흥군 대덕읍 도청신월로,155
전라남도교육청,한국항만물류고등학교,마이스터고,공업,공립,남녀공학,미입력,미입력,061-797-0301,061-797-0308,061-797-0304,061-797-0330,061-797-0390,kpl.hs.jne.kr,545841,전라남도 광양시 진상면 신시길,177
전라남도교육청,해남공업고등학교,특성화고,공업,공립,남녀공학,미입력,미입력,061-535-4407,061-535-4408,061-535-4404,061-536-9003,061-536-9013,haenam-tech.hs.jne.kr,536805,전라남도 해남군 해남읍 남외2길,7
전라남도교육청,호남원예고등학교,특성화고,농생명,공립,남녀공학,미입력,미입력,061-331-7436,061-331-7314,061-331-7665,070-8894-2299,061-331-7315,honamh.hs.jne.kr,520824,전라남도 나주시 금천면 영산로,5691
경상북도교육청,강구정보고등학교,특성화고,상업·정보,공립,남녀공학,미입력,미입력,054-733-3941,054-733-3942,054-733-3944,07050122607,054-512-7888,school.gyo6.net/ganggu-ch,766824,경상북도 영덕군 강구면 신강구1길,45-5
경상북도교육청,경북골프경영고등학교,특성화고,상업·정보,사립,여,제공,미제공,054-873-5492,054-872-3554,054-872-3455,054-872-3554,054-874-0161,cst.school.gyo6.net,763841,경상북도 청송군 부남면 대전로,66
경상북도교육청,경북과학기술고등학교,특성화고,공업,공립,남녀공학,미입력,미입력,054-429-0501,054-429-0550,054-429-0500,054-429-0583,054-431-5002,school.gyo6.net/gsths,740862,경상북도 김천시 아포읍 아포대로,1053
경상북도교육청,경북관광비즈니스고등학교,특성화고,상업·정보,공립,남녀공학,미입력,미입력,054-787-8316,054-787-2007,054-787-5107,054-787-2007,054-787-7330,school.gyo6.net/phhs,36366,경상북도 울진군 평해읍 평해7길 61-3,.
경상북도교육청,경북기계금속고등학교,특성화고,공업,공립,남,제공,미제공,053-859-3830,053-859-3815,053-859-3800,053-859-3877,053-859-3879,school.gyo6.net/gbgigo,712852,경상북도 경산시 자인면 일연로,93
경상북도교육청,경북기계명장고등학교,특성화고,공업,공립,남,미입력,미입력,054-972-1383,054-972-2461,054-972-2460,054-972-7785,070-8280-1414,school.gyo6.net/gbmmhs,39864,경상북도 칠곡군 지천면 신동로 99,경북기계명장고등학교
경상북도교육청,경북드론고등학교,특성화고,공업,공립,남녀공학,제공,미제공,054-370-9330,054-370-9300,054-370-9331,054-370-9381,054-371-4529,school.gyo6.net/cdehs,38309,경상북도 청도군 풍각면 헐티로 185,경북드론고등학교
경상북도교육청,경북바이오마이스터고등학교,마이스터고,농생명,공립,남녀공학,미입력,미입력,054-332-0122,054-332-0474,054-332-0034,054-332-5044,054-332-5042,school.gyo6.net/gfsm,38804,경상북도 영천시 신녕면 찰방길 8,경북바이오마이스터고등학교
경상북도교육청,경북생활과학고등학교,특성화고,가사·실업,공립,남녀공학,미입력,미입력,054-474-2590,054-474-2591,054-474-2593,054-4754-5756,054-474-2594,school.gyo6.net/gbds,39154,경상북도 구미시 해평면 강동로 1654,경북생활과학고등학교
경상북도교육청,경북세무고등학교,특성화고,상업·정보,공립,남녀공학,미입력,미입력,054-243-2201,054-243-2203,054-246-6056,054-250-6556,054-244-3133,school.gyo6.net/gts,791824,경상북도 포항시 북구 기계면 기계로,218
경상북도교육청,경북소프트웨어마이스터고등학교,특성화고,공업,공립,남녀공학,미입력,미입력,054-832-2902,054-832-2903,054-832-2900,054-832-2903,054-833-2877,www.gbsw.hs.kr,37362,경상북도 의성군 봉양면 봉호로 14,(경북소프트웨어마이스터고등학교)
경상북도교육청,경북자연과학고등학교,특성화고,농생명,사립,남녀공학,미입력,미입력,054-531-0049,054-532-3911,054-532-3910,,054-534-2537,school.gyo6.net/gbns,37266,경상북도 상주시 공성면 문화마을길 23,.
경상북도교육청,경북조리과학고등학교,특성화고,가사·실업,공립,남녀공학,미입력,미입력,054-572-0303,054-572-0300~1,054-572-0302,070-4675-2869,054-572-1303,school.gyo6.net/mgtour,36915,경상북도 문경시 문경읍 향교길 20,경북조리과학고등학교
경상북도교육청,경북하이텍고등학교,특성화고,공업,사립,남녀공학,미입력,미입력,054-842-5401,054-842-8300,054-852-0505,070-4612-8058,054-842-5402,school.gyo6.net/andong-techs,760904,경상북도 안동시 태화동 경동로,404
경상북도교육청,경북항공고등학교,특성화고,공업,사립,남녀공학,미입력,미입력,054-636-2703,054-636-2702,054-636-2701,054-636-2702,054-636-2704,school.gyo6.net/gag/main.do,36023,경상북도 영주시 풍기읍 금계로 90,경북항공고등학교
경상북도교육청,경북휴먼테크고등학교,특성화고,공업,사립,남녀공학,미입력,미입력,054-333-3613,054-333-3612,054-333-3611,054-333-4369,054-333-6421,gumho.hs.kr,770802,경상북도 영천시 금호읍 교대길,8-18
경상북도교육청,경산제일고등학교,특성화고,상업·정보,사립,여,미입력,미입력,053-857-2350,"053-857-2352, 857-2306, 857-7177,857-6368,856-1344","053-857-2351, 857-3199","교내회선번호7177, 0680",053-856-2234,gnc.school.gyo6.net,712853,경상북도 경산시 자인면 원효로,851-16번지
경상북도교육청,경주공업고등학교,특성화고,공업,공립,남녀공학,제공,미제공,054-778-7801,054-778-7819,054-778-7800,054-778-7835(~7),054-778-7894,school.gyo6.net/kjth/main.do,38168,경상북도 경주시 금성로 209,(사정동 70)
경상북도교육청,경주디자인고등학교,특성화고,공업,공립,남녀공학,미입력,미입력,054-745-3744,054-745-3718,054-745-3713,054-745-3719,054-745-3717,school.gyo6.net/godesign,780921,경상북도 경주시 현곡면 용담로,694
경상북도교육청,경주여자정보고등학교,특성화고,가사·실업,사립,여,미입력,미입력,054-746-1302,054-746-0081~2,054-746-1301,070-4354-5486~7,054-745-1660,school.gyo6.net/newschool/main.do,38200,경상북도 경주시 시동로 90,경주여자정보고등학교
경상북도교육청,경주정보고등학교,특성화고,상업·정보,사립,남,미입력,미입력,054-742-8966,054-742-8963,054-742-8965,070-4609-6862,054-771-3888,internet.hs.kr,780972,경북 경주시 충효동,충효7길 19
경상북도교육청,구미여자상업고등학교,특성화고,상업·정보,공립,여,미입력,미입력,054-452-2759,054-452-2758,054-452-2757,054-601-7049,054-601-7050,gys.school.gyo6.net,730926,경상북도 구미시 형곡동 형곡로,38길 9-14
경상북도교육청,구미전자공업고등학교,마이스터고,공업,국립,남녀공학,미입력,미입력,054-470-3701,054-470-3809,054-470-3810,054-470-3772,054-473-3261,school.gyo6.net/gnet,39387,경상북도 구미시 임수로 48,(임수동)
경상북도교육청,구미정보고등학교,특성화고,상업·정보,공립,남녀공학,미입력,미입력,054-475-3611,054-475-3612,054-475-3600,054-475-3679,054-475-3617,school.gyo6.net/gumi-infohs,39427,경상북도 구미시 검성로 143,구미정보고등학교
경상북도교육청,금오공업고등학교,마이스터고,공업,공립,남,미입력,미입력,054-461-1684,054-461-1683,054-461-1681,054-460-0635,054-461-1691,koths.school.gyo6.net,730901,경상북도 구미시 공단동 구미대로30길,59
경상북도교육청,김천생명과학고등학교,특성화고,농생명,공립,남녀공학,미입력,미입력,054-420-5100,054-420-5140,054-420-5116,054-420-5103,054-437-2118,school.gyo6.net/gcbshs,740160,경상북도 김천시 교동 부거리길,310
경상북도교육청,명인고등학교,특성화고,가사·실업,사립,남녀공학,미입력,미입력,054-932-1233,054-933-1080,054-932-1011,054-933-1080,054-933-7246,myin.hs.kr,719832,경상북도 성주군 선남면 도성2길,4 (1111-1번지)
경상북도교육청,문경공업고등학교,특성화고,공업,공립,남녀공학,미입력,미입력,054-550-1501,054-550-1510,054-550-1562,054-550-1556,054-554-1786,mungyeong-th.school.gyo6.net,745885,경상북도 문경시 점촌동 영신로,65
경상북도교육청,삼성생활예술고등학교,특성화고,가사·실업,사립,남녀공학,미입력,미입력,054-748-2027,054-748-2730,054-748-2047,070-7113-7651,054-748-2089,beauty-samseong.school.gyo6.net/,780851,경상북도 경주시 내남면 이조중앙길,삼성생활예술고등학교
경상북도교육청,상산전자고등학교,특성화고,공업,공립,남녀공학,미입력,미입력,054-532-1517,054-532-1515,054-532-1516,054-531-1512,054-535-4586,school.gyo6.net/sangsanhs,37159,경상북도 상주시 상산로 430,상산전자고등학교
경상북도교육청,상주공업고등학교,특성화고,공업,사립,남,미입력,미입력,054-532-3413,054-532-3416,054-532-3412,054-532-3612,054-532-3612,school.gyo6.net/sanggong,742704,경상북도 상주시 낙양동 낙양1길,29
경상북도교육청,상지미래경영고등학교,특성화고,상업·정보,사립,여,미입력,미입력,054-541-3080,054-541-3082,054-541-3081,054-541-2480,054-541-5896,school.gyo6.net/sangjihs,742804,경상북도 상주시 함창읍 함창중앙로,176번지
경상북도교육청,신라공업고등학교,특성화고,공업,사립,남,미입력,미입력,070-5105-0600,070-5105-0606,070-5105-0604,070-5105-0617,054-774-7767,silla.hs.kr,780872,경상북도 경주시 천북면 천북로,41-21
경상북도교육청,안강전자고등학교,특성화고,공업,공립,남녀공학,미입력,미입력,054-761-6353,070-7113-7739,054-761-2005,054-761-9943,054-761-0771,school.gyo6.net/anganghs/main.do,780807,경상북도 경주시 안강읍 안강중앙로,269
경상북도교육청,영천전자고등학교,특성화고,공업,사립,남녀공학,제공,제공,054-337-3501,054-337-3505,054-337-3502,054-337-1636,054-337-3503,school.gyo6.net/yeongcheon-e,770832,경상북도 영천시 화남면 천문로,1709
경상북도교육청,예일메디텍고등학교,특성화고,가사·실업,사립,남녀공학,미입력,미입력,,054-858-8052,054-858-8051,,054-858-0391,school.gyo6.net/yalemhs,36747,경상북도 안동시 예일길 85,예일메디텍고등학교
경상북도교육청,울릉고등학교,특성화고,수산·해운,공립,남녀공학,미입력,미입력,054-791-2735,054-791-2734,054-791-2736,054-791-2734,054-791-0322,school.gyo6.net/ul,799802,경상북도 울릉군 울릉읍 울릉순환로,236
경상북도교육청,의성유니텍고등학교,특성화고,공업,공립,남녀공학,미입력,미입력,054-832-0070,054-832-0069,054-832-0068,054-832-2545,054-834-5822,school.gyo6.net/ustechhs,769803,경상북도 의성군 의성읍 문소1길,164 의성유니텍고등학교
경상북도교육청,포항과학기술고등학교,특성화고,가사·실업,공립,남녀공학,제공,미제공,054-276-2464,054-276-5046,054-276-2555,054-284-0242,054-278-0242,school.gyo6.net/psths,790802,경상북도 포항시 남구 구룡포읍 호미로,341
경상북도교육청,포항보건고등학교,특성화고,가사·실업,사립,남녀공학,미입력,미입력,054-243-3201,054-243-3202,054-243-3203,,054-243-3205,school.gyo6.net/gbnursinghs/main.do,37507,경상북도 포항시 북구 죽장면 일광길 2,포항보건고등학교
경상북도교육청,포항여자전자고등학교,특성화고,공업,공립,여,미입력,미입력,054-240-6801,054-240-6800,054-240-6811,054-240-6871,054-240-6870,school.gyo6.net/pgeh,37644,경상북도 포항시 북구 용흥로291번길 19,포항여자전자고등학교
경상북도교육청,포항제철공업고등학교,마이스터고,공업,사립,남,제공,미제공,054-279-4601,054-279-4611,054-279-4613,054-279-4648,054-279-4689,school.gyo6.net/pocheoltechhs,790834,경상북도 포항시 남구 지곡동 지곡로,150
경상북도교육청,포항흥해공업고등학교,특성화고,공업,공립,남녀공학,미입력,미입력,054-261-4038,054-261-1122,054-261-1121,054-262-3337,054-262-3659,school.gyo6.net/heunghae-th,791948,경상북도 포항시 북구 흥해읍 동해대로1475번길,42
경상북도교육청,한국국제조리고등학교,특성화고,가사·실업,사립,남녀공학,미입력,미입력,054-634-3622,054-634-3623,054-634-3621,054-716-2672,054-634-3626,www.kic.hs.kr,36167,경상북도 영주시 영봉로 28,한국국제조리고등학교
경상북도교육청,한국국제통상마이스터고등학교,마이스터고,상업·정보,공립,남녀공학,제공,제공,054-744-3634,070-4107-0523,054-744-3631,054-775-3454,054-744-3632,gampohs.school.gyo6.net/,38125,경상북도 경주시 감포읍 감포로12길 20,한국국제통상마이스터고등학교
경상북도교육청,한국미래농업고등학교,특성화고,농생명,공립,남녀공학,미입력,미입력,054-532-4304,054-533-4080,054-533-4081,054-533-4080,054-531-1151,school.gyo6.net/kfa,37271,경상북도 상주시 모동면 덕곡1길 13,한국미래농업고등학교
경상북도교육청,한국미래산업고등학교,특성화고,가사·실업,사립,남녀공학,미입력,미입력,054-630-7500,054-630-7521,054-630-7511,054-630-7522,054-630-7598,school.gyo6.net/kfi/main.do,750913,경상북도 영주시 하망동 영봉로,49
경상북도교육청,한국산림과학고등학교,특성화고,농생명,공립,남녀공학,미입력,미입력,054-672-2501,054-673-3068,054-672-3011,054-672-1106,054-673-3065,school.gyo6.net/korea-forest/,36213,경상북도 봉화군 춘양면 서원촌길 8-14,한국산림과학고등학교
경상북도교육청,한국생명과학고등학교,특성화고,농생명,공립,남녀공학,미입력,미입력,054-840-2501,054-840-2550,054-840-2560,054-840-2541,054-840-2540,hansaenghs.kr,760310,경상북도 안동시 옥동 하이마로,385
경상북도교육청,한국원자력마이스터고등학교,마이스터고,공업,공립,남,미입력,미입력,054-789-8080,054-789-8000,054-789-8001,054-789-8020,054-789-8025,school.gyo6.net/pyth/main.do,767901,경상북도 울진군 평해읍 월송정로,422
경상북도교육청,한국조리명장고등학교,특성화고,가사·실업,공립,남녀공학,미입력,미입력,054-956-3042,054-956-3042,054-956-3044,054-956-3043,054-956-3046,school.gyo6.net/goryeong,717804,경상북도 고령군 고령읍 우륵로,63번지
경상북도교육청,한국철도고등학교,특성화고,공업,사립,남녀공학,미입력,미입력,054-634-5772,054-634-5774,054-634-5771,054-634-5774,054-632-6590,school.gyo6.net/railhs,36094,경상북도 영주시 이산로 31,한국철도고등학교
경상북도교육청,한국펫고등학교,특성화고,농생명,사립,남녀공학,미입력,미입력,054-673-2813,054-673-2811,054-673-2812,054-673-7090,054-673-2814,school.gyo6.net/koreapet,755806,경상북도 봉화군 봉화읍 내성천1길,18
경상북도교육청,한국해양마이스터고등학교,마이스터고,수산·해운,공립,남녀공학,미입력,미입력,054-252-0110,054-252-0111,054-252-0112,070-4088-9344,054-252-0204,school.gyo6.net/haema,791290,경북 포항시 북구 여남동,여남포길 21번길 18
경상북도교육청,효청보건고등학교,특성화고,가사·실업,사립,남녀공학,미입력,미입력,054-773-0947,054-773-0734,054-773-0033,054-624-0737,054-746-4637,hyochung.hs.kr,780825,경상북도 경주시 외동읍 모화남1길,26-132
경상남도교육청,거제공업고등학교,마이스터고,공업,공립,남녀공학,미입력,미입력,055-630-9001,055-630-9012,055-630-9005,055-630-9029,055-630-9052,geoje-th-h.gne.go.kr,53257,경상남도 거제시 계룡로11길 63,거제공업고등학교
경상남도교육청,거제여자상업고등학교,특성화고,상업·정보,공립,여,미입력,미입력,055-633-0980,055-633-0982~5,055-633-0981,055-633-0982~5(내선265번),055-633-3876,ggch.hs.kr,53286,경상남도 거제시 거제면 동상3길 21,거제여자상업고등학교
경상남도교육청,거창승강기고등학교,특성화고,공업,공립,남녀공학,미입력,미입력,055-943-4522,055-943-4523,055-943-4521,055-943-4523,055-943-4519,geochang-elev-h.gne.go.kr,50118,경상남도 거창군 가조면 마상3길 33-20,거창승강기고등학교
경상남도교육청,경남간호고등학교,특성화고,가사·실업,사립,남녀공학,제공,미제공,055-973-7832,055-973-7831,055-973-7832,055-973-7831,055-973-7828,kpn-h.gne.go.kr,666971,경남 산청군 생비량면 가계리,526-1
경상남도교육청,경남관광고등학교,특성화고,가사·실업,사립,남녀공학,미입력,미입력,055-270-7515,055-277-6871,055-277-5911,055-270-6573,055-277-7572,gntour-h.gne.go.kr/,51144,경상남도 창원시 의창구 사림로29번길 12,경남관광고등학교
경상남도교육청,경남로봇고등학교,특성화고,공업,사립,남녀공학,미입력,미입력,055-582-8178,055-582-8503,055-582-8007,"055-587-7800,010-4910-1654",055-583-9187,www.gr.hs.kr,52011,경상남도 함안군 대산면 대산중앙로 102-2,경남로봇고등학교
경상남도교육청,경남산업고등학교,특성화고,가사·실업,공립,남녀공학,미제공,제공,055-639-2301,055-636-1801,055-636-1803,055-639-2357,055-636-1831,gni-h.gne.go.kr,53204,경상남도 거제시 하청면 서리1길 17,경남산업고등학교
경상남도교육청,경남자동차고등학교,특성화고,공업,사립,남녀공학,미입력,미입력,055-758-6864,055-758-6714,055-758-6716,055-758-6865,055-758-1365,gnautomobile-h.gne.go.kr,52730,경상남도 진주시 진산로 378,(장재동 590)
경상남도교육청,경남자영고등학교,특성화고,농생명,공립,남녀공학,제공,제공,055-852-0222,055-852-0223,055-852-0224,055-853-4290,055-852-1430,gnjayeong-h.gne.go.kr,664932,경남 사천시 정동면 화암리,746-1 번지 경남자영고등학교
경상남도교육청,경남정보고등학교,특성화고,상업·정보,공립,남녀공학,미제공,미제공,055-761-8060,055-761-8061,055-761-8063,055-762-0661,055-761-8068,kninfo-h.gne.go.kr,660310,경상남도 진주시 호탄동 가호방아길,32 호탄동 884-2
경상남도교육청,경남항공고등학교,특성화고,공업,공립,남녀공학,미입력,미입력,055-673-4561,055-673-4563,055-673-4564,070-5075-2858,055-674-0069,hanggong-h.gne.go.kr,638801,경상남도 고성군 고성읍 송학고분로,127
경상남도교육청,경남해양과학고등학교,특성화고,수산·해운,공립,남녀공학,미입력,미입력,055-867-0006,055-867-0225,055-867-0005,055-867-0225,055-867-4315,gnms-h.gne.go.kr/,52444,경상남도 남해군 삼동면 동부대로 1810,경남해양과학고등학교
경상남도교육청,경진고등학교,특성화고,공업,사립,남녀공학,미입력,미입력,055-746-5225,055-746-1522,055-746-1521,055-748-0462,055-746-1524,gyeongjin-h.gne.go.kr,660050,경상남도 진주시 상봉동 의병로71번길,3-21
경상남도교육청,공군항공과학고등학교,마이스터고,공업,국립,남녀공학,미입력,미입력,,055-750-2141,055-750-2132,,,www.airforce.mil.kr/user/indexMain.action?siteId=kokyo,660923,경상남도 진주시 금산면 송백로,공군교육사령부 사서함 306-3 공군 항공과학고등학교
경상남도교육청,김해건설공업고등학교,특성화고,공업,공립,남녀공학,미입력,미입력,055-340-7410,"055-340-7420~7424,7435,7495",055-340-7401~7408,055-340-7490~7493,055-325-8042,ghgeonseol-h.gne.go.kr,621900,경상남도 김해시 구산동 구지로,109
경상남도교육청,김해생명과학고등학교,특성화고,농생명,공립,남녀공학,미입력,미입력,055-720-0011,055-720-0001,055-720-0000,055-720-0087,055-720-0007,kimhae-agh-h.gne.go.kr,50894,경상남도 김해시 금관대로 1239,김해생명과학고등학교
경상남도교육청,김해한일여자고등학교,특성화고,상업·정보,사립,여,미입력,미입력,070-7860-7300,070-7860-7312,070-7860-7301,070-7860-7391,055-902-1022,khanil-h.gne.go.kr,50824,경상남도 김해시 삼안로112번길 1,김해한일여자고등학교
경상남도교육청,남해정보산업고등학교,특성화고,상업·정보,공립,남녀공학,미입력,미입력,055-862-3933,055-862-3214,055-862-3123,055-862-2048,055-862-2060,namhaei-h.gne.go.kr/namhaei-h/main.do,52404,경상남도 남해군 고현면 탑동로 46,남해정보산업고등학교
경상남도교육청,마산공업고등학교,특성화고,공업,사립,남,미입력,미입력,055-255-6722,055-255-1315,055-255-1314,055-292-9536,055-294-8864,magong-h.gne.go.kr,630520,경남 창원시 마산회원구 합성동,학교단지로 53
경상남도교육청,밀성제일고등학교,특성화고,상업·정보,사립,여,미입력,미입력,,055-353-5204,055-353-5203,070-5020-6832,055-355-3007,msji-h.gne.go.kr/,627803,경남 밀양시 내이동,밀양대로 2078(내이동)
경상남도교육청,사천여자고등학교,특성화고,상업·정보,사립,여,미입력,미입력,055-852-2611,055-852-2612,055-852-2614,055-852-0902,055-852-0903,scgh-h.gne.go.kr,664808,경상남도 사천시 사천읍 옥산로,47 번지
경상남도교육청,삼가고등학교,일반고(종합고),가사·실업,공립,남녀공학,미입력,미입력,055-932-4698,055-932-4695,055-932-6497,,055-932-4697,samga-h.gne.go.kr,50219,경상남도 합천군 삼가면 봉두길 5,삼가고등학교
경상남도교육청,삼천포공업고등학교,마이스터고,공업,공립,남녀공학,미입력,미입력,055-834-8600,055-834-8601,055-834-8602,055-834-8608,055-835-8615,samgong-h.gne.go.kr,52561,경상남도 사천시 신항로 63,(동금동 45-1)
경상남도교육청,선명여자고등학교,특성화고,상업·정보,사립,여,미입력,미입력,055-747-9598,055-747-5492,055-747-5490,055-747-5491,055-747-8925,sunmyung-h.gne.go.kr,52651,경상남도 진주시 남강로 51-25,(평거동)
경상남도교육청,신반정보고등학교,특성화고,상업·정보,공립,남녀공학,미입력,미입력,055-574-9214,055-574-6415,055-574-6414,055-574-6415,055-574-6467,sinban-h.gne.go.kr,636964,경남 의령군 부림면 신반리,한지 28길 8
경상남도교육청,양산인공지능고등학교,특성화고,공업,공립,남녀공학,미입력,미입력,055-781-2982,055-781-2971,055-781-2972,070-4870-3703,055-781-2984,ysai-h.gne.go.kr/ysai-h/main.do,50639,경상남도 양산시 동면 금오2길 24,양산인공지능고등학교
경상남도교육청,진영제일고등학교,특성화고,상업·정보,공립,남녀공학,미입력,미입력,055-343-5410,055-343-5412,055-343-5411,055-343-5412,055-343-2584,jyjeil-h.gne.go.kr,50864,경상남도 김해시 진영읍 진영로265번길 9-4,진영제일고등학교
경상남도교육청,진주기계공업고등학교,특성화고,공업,공립,남녀공학,미입력,미입력,055-790-1500,055-752-1803,055-752-1801,055-790-1521,055-757-3143,jinju-mt-h.gne.go.kr,52807,경상남도 진주시 공단로43번길 25,진주기계공업고등학교
경상남도교육청,창녕슈퍼텍고등학교,특성화고,공업,공립,남녀공학,미입력,미입력,055-532-3251,055-532-3253,055-532-3252,070-8890-5972,055-532-3259,cnsupertech-h.gne.go.kr/,50331,경상남도 창녕군 창녕읍 남창녕로 36,창녕슈퍼텍고등학교
경상남도교육청,창녕여자고등학교,일반고(종합고),가사·실업,사립,여,미입력,미입력,055-532-1318,055-532-1332,055-532-1331,055-533-5003,055-532-2543,changnyeongyeo-h.gne.go.kr,50330,경상남도 창녕군 창녕읍 신당길 30,창녕여자고등학교
경상남도교육청,창원공업고등학교,특성화고,공업,사립,남,미입력,미입력,070-4635-3601,055-283-3593,055-286-2864,070-4635-3676,055-288-3592,changwon-t-h.gne.go.kr,641847,경상남도 창원시 의창구 팔용동 사화로,410 창원공업고등학교
경상남도교육청,창원기계공업고등학교,특성화고,공업,공립,남녀공학,제공,미제공,055-282-5080,055-282-2533,055-282-5081,055-210-7045,055-210-7151,yongzi-h.gne.go.kr,51519,경상남도 창원시 성산구 두대로 219,창원기계공업고등학교
경상남도교육청,초계고등학교,특성화고,공업,공립,남녀공학,미입력,미입력,055-932-3404,055-932-1004,055-932-1216,070-4659-2698,055-931-3988,chogye-h.gne.go.kr,678821,경상남도 합천군 초계면 초계중앙로,101 초계고등학교
경상남도교육청,한국과학기술고등학교,특성화고,공업,사립,남녀공학,미입력,미입력,070-8640-2700,070-8640-2701,070-8619-5990,070-8640-2756,055-533-1885,ksths-h.gne.go.kr,50315,경상남도 창녕군 고암면 창밀로 286,한국과학기술고등학교
경상남도교육청,한국나노마이스터고등학교,마이스터고,공업,공립,남녀공학,미입력,미입력,055-352-7537,055-352-7537,055-352-7538,055-352-7537,055-353-9958,nano-h.gne.go.kr,50406,경상남도 밀양시 무안면 신법길 29,한국나노마이스터고등학교
경상남도교육청,한일여자고등학교,특성화고,공업,사립,여,미입력,미입력,070-7860-7200,1600-6991,1600-6991,070-7860-7275,055-601-0505,hi-h.gne.go.kr/,51317,경상남도 창원시 마산회원구 양덕서8길 50,(양덕동)
경상남도교육청,함양제일고등학교,특성화고,농생명,공립,남녀공학,미입력,미입력,055-963-2490,055-963-2489,055-963-2488,055-963-2489(내선:070-4763-2362),055-963-2487,hamyangjeil-h.gne.go.kr/,50033,경상남도 함양군 함양읍 함양배움길 27,함양군 함양읍 교산리 210
제주특별자치도교육청,서귀포산업과학고등학교,특성화고,농생명,공립,남녀공학,제공,미제공,064-730-5501,064-730-5585,064-730-5503,064-730-5523,064-733-8764,school.jje.go.kr/sis,697050,제주특별자치도 서귀포시 상효동,1263
제주특별자치도교육청,성산고등학교,일반고(종합고),수산·해운,공립,남녀공학,미입력,미입력,064-786-5100,064-786-5200,064-786-5000,064-786-5156,064-786-5159,school.jje.go.kr/jejuss,699906,제주특별자치도 서귀포시 성산읍 한도로,79-17
제주특별자치도교육청,영주고등학교,일반고(종합고),공업,사립,남녀공학,미제공,미제공,064-729-6201,064-729-6204,064-729-6277,064-729-6242,064-702-6255,jyj.jje.hs.kr/,63311,제주특별자치도 제주시 첨단동길 92,영주고등학교
제주특별자치도교육청,제주고등학교,특성화고,가사·실업,공립,남녀공학,미입력,미입력,064-750-4100,064-750-4240,064-750-4141,064-750-4201,064-750-4377,jeju.jje.hs.kr,63092,제주특별자치도 제주시 1100로 3213,제주고등학교
제주특별자치도교육청,제주여자상업고등학교,특성화고,상업·정보,공립,여,미입력,미입력,064-754-0101,064-754-0140,064-754-0108,064-754-0184,064-754-0199,jejugc.jje.hs.kr,63282,제주특별자치도 제주시 동문로 89-1,제주여자상업고등학교(건입동)
제주특별자치도교육청,제주중앙고등학교,일반고(종합고),상업·정보,사립,남녀공학,미입력,미입력,064-750-3801,064-750-3811,064-721-1152,064-750-3837,064-750-3888,jja.jje.hs.kr,63311,제주특별자치도 제주시 아봉로 323,제주중앙고등학교
제주특별자치도교육청,중문고등학교,특성화고,가사·실업,공립,남녀공학,미입력,미입력,064-735-7470,064-735-7441,064-735-7401,064-735-7481,064-735-7495,jungmun.jje.hs.kr,697830,제주특별자치도 서귀포시 대포동 일주서로570번길,19
제주특별자치도교육청,한국뷰티고등학교,특성화고,가사·실업,공립,남녀공학,미입력,미입력,064-795-8209,064-795-8244,064-795-8208,064-795-8232,064-772-5977,school.jje.go.kr/kbeauty/main.do,695941,제주특별자치도 제주시 한경면 고산리,2916
제주특별자치도교육청,한림공업고등학교,특성화고,공업,공립,남녀공학,미입력,미입력,064-797-3201,046-797-3211,064-797-3220,064-797-3266,064-797-3219,hallim-th.hs.kr,63028,제주특별자치도 제주시 한림읍 한림중앙로 87,한림공업고등학교
